/*****************************************************************************

    File: "memory.ino"
    Date:  20/07/2023
    Copyright (C) 2023, Francisco J A Souza

    This file is part of EspAppleII Project.

    EspAppleII is free software; you can redistribute it and/or modify
    it under the terms of the GNU General Public License as published by
    the Free Software Foundation; either version 2 of the License, or
    (at your option) any later version.

    EspAppleII is distributed in the hope that it will be useful,
    but WITHOUT ANY WARRANTY; without even the implied warranty of
    MERCHANTABILITY or FITNESS FOR A PARTICULAR PURPOSE.  See the
    GNU General Public License for more details.

*****************************************************************************/

#include "video.h"

const unsigned char DISK_ROM[] PROGMEM = { //$C600 - C6FFF
        0xa2, 0x20, 0xa0, 0x00, 0xa2, 0x03, 0x86, 0x3c, 0x8a, 0x0a, 0x24, 0x3c, 0xf0, 0x10, 0x05, 0x3c, 
        0x49, 0xff, 0x29, 0x7e, 0xb0, 0x08, 0x4a, 0xd0, 0xfb, 0x98, 0x9d, 0x56, 0x03, 0xc8, 0xe8, 0x10, 
        0xe5, 0x20, 0x58, 0xff, 0xba, 0xbd, 0x00, 0x01, 0x0a, 0x0a, 0x0a, 0x0a, 0x85, 0x2b, 0xaa, 0xbd, 
        0x8e, 0xc0, 0xbd, 0x8c, 0xc0, 0xbd, 0x8a, 0xc0, 0xbd, 0x89, 0xc0, 0xa0, 0x50, 0xbd, 0x80, 0xc0, 
        0x98, 0x29, 0x03, 0x0a, 0x05, 0x2b, 0xaa, 0xbd, 0x81, 0xc0, 0xa9, 0x56, 0x20, 0xa8, 0xfc, 0x88, 
        0x10, 0xeb, 0x85, 0x26, 0x85, 0x3d, 0x85, 0x41, 0xa9, 0x08, 0x85, 0x27, 0x18, 0x08, 0xbd, 0x8c, 
        0xc0, 0x10, 0xfb, 0x49, 0xd5, 0xd0, 0xf7, 0xbd, 0x8c, 0xc0, 0x10, 0xfb, 0xc9, 0xaa, 0xd0, 0xf3, 
        0xea, 0xbd, 0x8c, 0xc0, 0x10, 0xfb, 0xc9, 0x96, 0xf0, 0x09, 0x28, 0x90, 0xdf, 0x49, 0xad, 0xf0, 
        0x25, 0xd0, 0xd9, 0xa0, 0x03, 0x85, 0x40, 0xbd, 0x8c, 0xc0, 0x10, 0xfb, 0x2a, 0x85, 0x3c, 0xbd, 
        0x8c, 0xc0, 0x10, 0xfb, 0x25, 0x3c, 0x88, 0xd0, 0xec, 0x28, 0xc5, 0x3d, 0xd0, 0xbe, 0xa5, 0x40, 
        0xc5, 0x41, 0xd0, 0xb8, 0xb0, 0xb7, 0xa0, 0x56, 0x84, 0x3c, 0xbc, 0x8c, 0xc0, 0x10, 0xfb, 0x59, 
        0xd6, 0x02, 0xa4, 0x3c, 0x88, 0x99, 0x00, 0x03, 0xd0, 0xee, 0x84, 0x3c, 0xbc, 0x8c, 0xc0, 0x10, 
        0xfb, 0x59, 0xd6, 0x02, 0xa4, 0x3c, 0x91, 0x26, 0xc8, 0xd0, 0xef, 0xbc, 0x8c, 0xc0, 0x10, 0xfb, 
        0x59, 0xd6, 0x02, 0xd0, 0x87, 0xa0, 0x00, 0xa2, 0x56, 0xca, 0x30, 0xfb, 0xb1, 0x26, 0x5e, 0x00, 
        0x03, 0x2a, 0x5e, 0x00, 0x03, 0x2a, 0x91, 0x26, 0xc8, 0xd0, 0xee, 0xe6, 0x27, 0xe6, 0x3d, 0xa5, 
        0x3d, 0xcd, 0x00, 0x08, 0xa6, 0x2b, 0x90, 0xdb, 0x4c, 0x01, 0x08, 0x00, 0x00, 0x00, 0x00, 0x00
};

const unsigned char ROM[] PROGMEM = { //$D000 - FFFF
        0x6F, 0xD8, 0x65, 0xD7, 0xF8, 0xDC, 0x94, 0xD9, 0xB1, 0xDB, 0x30, 0xF3, 0xD8, 0xDF, 0xE1, 0xDB,
        0x8F, 0xF3, 0x98, 0xF3, 0xE4, 0xF1, 0xDD, 0xF1, 0xD4, 0xF1, 0x24, 0xF2, 0x31, 0xF2, 0x40, 0xF2,
        0xD7, 0xF3, 0xE1, 0xF3, 0xE8, 0xF6, 0xFD, 0xF6, 0x68, 0xF7, 0x6E, 0xF7, 0xE6, 0xF7, 0x57, 0xFC,
        0x20, 0xF7, 0x26, 0xF7, 0x74, 0xF7, 0x6C, 0xF2, 0x6E, 0xF2, 0x72, 0xF2, 0x76, 0xF2, 0x7F, 0xF2,
        0x4E, 0xF2, 0x6A, 0xD9, 0x55, 0xF2, 0x85, 0xF2, 0xA5, 0xF2, 0xCA, 0xF2, 0x17, 0xF3, 0xBB, 0xF3,
        0x9E, 0xF3, 0x61, 0xF2, 0x45, 0xDA, 0x3D, 0xD9, 0x11, 0xD9, 0xC8, 0xD9, 0x48, 0xD8, 0xF4, 0x03,
        0x20, 0xD9, 0x6A, 0xD9, 0xDB, 0xD9, 0x6D, 0xD8, 0xEB, 0xD9, 0x83, 0xE7, 0xC8, 0xD8, 0xAF, 0xD8,
        0x12, 0xE3, 0x7A, 0xE7, 0xD4, 0xDA, 0x95, 0xD8, 0xA4, 0xD6, 0x69, 0xD6, 0x9F, 0xDB, 0x48, 0xD6,
        0x90, 0xEB, 0x23, 0xEC, 0xAF, 0xEB, 0x0A, 0x00, 0xDE, 0xE2, 0x12, 0xD4, 0xCD, 0xDF, 0xFF, 0xE2,
        0x8D, 0xEE, 0xAE, 0xEF, 0x41, 0xE9, 0x09, 0xEF, 0xEA, 0xEF, 0xF1, 0xEF, 0x3A, 0xF0, 0x9E, 0xF0,
        0x64, 0xE7, 0xD6, 0xE6, 0xC5, 0xE3, 0x07, 0xE7, 0xE5, 0xE6, 0x46, 0xE6, 0x5A, 0xE6, 0x86, 0xE6,
        0x91, 0xE6, 0x79, 0xC0, 0xE7, 0x79, 0xA9, 0xE7, 0x7B, 0x81, 0xE9, 0x7B, 0x68, 0xEA, 0x7D, 0x96,
        0xEE, 0x50, 0x54, 0xDF, 0x46, 0x4E, 0xDF, 0x7F, 0xCF, 0xEE, 0x7F, 0x97, 0xDE, 0x64, 0x64, 0xDF,
        0x45, 0x4E, 0xC4, 0x46, 0x4F, 0xD2, 0x4E, 0x45, 0x58, 0xD4, 0x44, 0x41, 0x54, 0xC1, 0x49, 0x4E,
        0x50, 0x55, 0xD4, 0x44, 0x45, 0xCC, 0x44, 0x49, 0xCD, 0x52, 0x45, 0x41, 0xC4, 0x47, 0xD2, 0x54,
        0x45, 0x58, 0xD4, 0x50, 0x52, 0xA3, 0x49, 0x4E, 0xA3, 0x43, 0x41, 0x4C, 0xCC, 0x50, 0x4C, 0x4F,
        0xD4, 0x48, 0x4C, 0x49, 0xCE, 0x56, 0x4C, 0x49, 0xCE, 0x48, 0x47, 0x52, 0xB2, 0x48, 0x47, 0xD2,
        0x48, 0x43, 0x4F, 0x4C, 0x4F, 0x52, 0xBD, 0x48, 0x50, 0x4C, 0x4F, 0xD4, 0x44, 0x52, 0x41, 0xD7,
        0x58, 0x44, 0x52, 0x41, 0xD7, 0x48, 0x54, 0x41, 0xC2, 0x48, 0x4F, 0x4D, 0xC5, 0x52, 0x4F, 0x54,
        0xBD, 0x53, 0x43, 0x41, 0x4C, 0x45, 0xBD, 0x53, 0x48, 0x4C, 0x4F, 0x41, 0xC4, 0x54, 0x52, 0x41,
        0x43, 0xC5, 0x4E, 0x4F, 0x54, 0x52, 0x41, 0x43, 0xC5, 0x4E, 0x4F, 0x52, 0x4D, 0x41, 0xCC, 0x49,
        0x4E, 0x56, 0x45, 0x52, 0x53, 0xC5, 0x46, 0x4C, 0x41, 0x53, 0xC8, 0x43, 0x4F, 0x4C, 0x4F, 0x52,
		    0xBD, 0x50, 0x4F, 0xD0, 0x56, 0x54, 0x41, 0xC2, 0x48, 0x49, 0x4D, 0x45, 0x4D, 0xBA, 0x4C, 0x4F,
        0x4D, 0x45, 0x4D, 0xBA, 0x4F, 0x4E, 0x45, 0x52, 0xD2, 0x52, 0x45, 0x53, 0x55, 0x4D, 0xC5, 0x52,
        0x45, 0x43, 0x41, 0x4C, 0xCC, 0x53, 0x54, 0x4F, 0x52, 0xC5, 0x53, 0x50, 0x45, 0x45, 0x44, 0xBD,
        0x4C, 0x45, 0xD4, 0x47, 0x4F, 0x54, 0xCF, 0x52, 0x55, 0xCE, 0x49, 0xC6, 0x52, 0x45, 0x53, 0x54,
        0x4F, 0x52, 0xC5, 0xA6, 0x47, 0x4F, 0x53, 0x55, 0xC2, 0x52, 0x45, 0x54, 0x55, 0x52, 0xCE, 0x52,
        0x45, 0xCD, 0x53, 0x54, 0x4F, 0xD0, 0x4F, 0xCE, 0x57, 0x41, 0x49, 0xD4, 0x4C, 0x4F, 0x41, 0xC4,
        0x53, 0x41, 0x56, 0xC5, 0x44, 0x45, 0xC6, 0x50, 0x4F, 0x4B, 0xC5, 0x50, 0x52, 0x49, 0x4E, 0xD4,
        0x43, 0x4F, 0x4E, 0xD4, 0x4C, 0x49, 0x53, 0xD4, 0x43, 0x4C, 0x45, 0x41, 0xD2, 0x47, 0x45, 0xD4,
        0x4E, 0x45, 0xD7, 0x54, 0x41, 0x42, 0xA8, 0x54, 0xCF, 0x46, 0xCE, 0x53, 0x50, 0x43, 0xA8, 0x54,
        0x48, 0x45, 0xCE, 0x41, 0xD4, 0x4E, 0x4F, 0xD4, 0x53, 0x54, 0x45, 0xD0, 0xAB, 0xAD, 0xAA, 0xAF,
        0xDE, 0x41, 0x4E, 0xC4, 0x4F, 0xD2, 0xBE, 0xBD, 0xBC, 0x53, 0x47, 0xCE, 0x49, 0x4E, 0xD4, 0x41,
        0x42, 0xD3, 0x55, 0x53, 0xD2, 0x46, 0x52, 0xC5, 0x53, 0x43, 0x52, 0x4E, 0xA8, 0x50, 0x44, 0xCC,
        0x50, 0x4F, 0xD3, 0x53, 0x51, 0xD2, 0x52, 0x4E, 0xC4, 0x4C, 0x4F, 0xC7, 0x45, 0x58, 0xD0, 0x43,
        0x4F, 0xD3, 0x53, 0x49, 0xCE, 0x54, 0x41, 0xCE, 0x41, 0x54, 0xCE, 0x50, 0x45, 0x45, 0xCB, 0x4C,
        0x45, 0xCE, 0x53, 0x54, 0x52, 0xA4, 0x56, 0x41, 0xCC, 0x41, 0x53, 0xC3, 0x43, 0x48, 0x52, 0xA4,
        0x4C, 0x45, 0x46, 0x54, 0xA4, 0x52, 0x49, 0x47, 0x48, 0x54, 0xA4, 0x4D, 0x49, 0x44, 0xA4, 0x00,
		    0x4E, 0x45, 0x58, 0x54, 0x20, 0x57, 0x49, 0x54, 0x48, 0x4F, 0x55, 0x54, 0x20, 0x46, 0x4F, 0xD2,
        0x53, 0x59, 0x4E, 0x54, 0x41, 0xD8, 0x52, 0x45, 0x54, 0x55, 0x52, 0x4E, 0x20, 0x57, 0x49, 0x54,
        0x48, 0x4F, 0x55, 0x54, 0x20, 0x47, 0x4F, 0x53, 0x55, 0xC2, 0x4F, 0x55, 0x54, 0x20, 0x4F, 0x46,
        0x20, 0x44, 0x41, 0x54, 0xC1, 0x49, 0x4C, 0x4C, 0x45, 0x47, 0x41, 0x4C, 0x20, 0x51, 0x55, 0x41,
        0x4E, 0x54, 0x49, 0x54, 0xD9, 0x4F, 0x56, 0x45, 0x52, 0x46, 0x4C, 0x4F, 0xD7, 0x4F, 0x55, 0x54,
        0x20, 0x4F, 0x46, 0x20, 0x4D, 0x45, 0x4D, 0x4F, 0x52, 0xD9, 0x55, 0x4E, 0x44, 0x45, 0x46, 0x27,
        0x44, 0x20, 0x53, 0x54, 0x41, 0x54, 0x45, 0x4D, 0x45, 0x4E, 0xD4, 0x42, 0x41, 0x44, 0x20, 0x53,
        0x55, 0x42, 0x53, 0x43, 0x52, 0x49, 0x50, 0xD4, 0x52, 0x45, 0x44, 0x49, 0x4D, 0x27, 0x44, 0x20,
        0x41, 0x52, 0x52, 0x41, 0xD9, 0x44, 0x49, 0x56, 0x49, 0x53, 0x49, 0x4F, 0x4E, 0x20, 0x42, 0x59,
        0x20, 0x5A, 0x45, 0x52, 0xCF, 0x49, 0x4C, 0x4C, 0x45, 0x47, 0x41, 0x4C, 0x20, 0x44, 0x49, 0x52,
        0x45, 0x43, 0xD4, 0x54, 0x59, 0x50, 0x45, 0x20, 0x4D, 0x49, 0x53, 0x4D, 0x41, 0x54, 0x43, 0xC8,
        0x53, 0x54, 0x52, 0x49, 0x4E, 0x47, 0x20, 0x54, 0x4F, 0x4F, 0x20, 0x4C, 0x4F, 0x4E, 0xC7, 0x46,
        0x4F, 0x52, 0x4D, 0x55, 0x4C, 0x41, 0x20, 0x54, 0x4F, 0x4F, 0x20, 0x43, 0x4F, 0x4D, 0x50, 0x4C,
        0x45, 0xD8, 0x43, 0x41, 0x4E, 0x27, 0x54, 0x20, 0x43, 0x4F, 0x4E, 0x54, 0x49, 0x4E, 0x55, 0xC5,
        0x55, 0x4E, 0x44, 0x45, 0x46, 0x27, 0x44, 0x20, 0x46, 0x55, 0x4E, 0x43, 0x54, 0x49, 0x4F, 0xCE,
        0x20, 0x45, 0x52, 0x52, 0x4F, 0x52, 0x07, 0x00, 0x20, 0x49, 0x4E, 0x20, 0x00, 0x0D, 0x42, 0x52,
        0x45, 0x41, 0x4B, 0x07, 0x00, 0xBA, 0xE8, 0xE8, 0xE8, 0xE8, 0xBD, 0x01, 0x01, 0xC9, 0x81, 0xD0,
        0x21, 0xA5, 0x86, 0xD0, 0x0A, 0xBD, 0x02, 0x01, 0x85, 0x85, 0xBD, 0x03, 0x01, 0x85, 0x86, 0xDD,
        0x03, 0x01, 0xD0, 0x07, 0xA5, 0x85, 0xDD, 0x02, 0x01, 0xF0, 0x07, 0x8A, 0x18, 0x69, 0x12, 0xAA,
        0xD0, 0xD8, 0x60, 0x20, 0xE3, 0xD3, 0x85, 0x6D, 0x84, 0x6E, 0x38, 0xA5, 0x96, 0xE5, 0x9B, 0x85,
        0x5E, 0xA8, 0xA5, 0x97, 0xE5, 0x9C, 0xAA, 0xE8, 0x98, 0xF0, 0x23, 0xA5, 0x96, 0x38, 0xE5, 0x5E,
        0x85, 0x96, 0xB0, 0x03, 0xC6, 0x97, 0x38, 0xA5, 0x94, 0xE5, 0x5E, 0x85, 0x94, 0xB0, 0x08, 0xC6,
        0x95, 0x90, 0x04, 0xB1, 0x96, 0x91, 0x94, 0x88, 0xD0, 0xF9, 0xB1, 0x96, 0x91, 0x94, 0xC6, 0x97,
        0xC6, 0x95, 0xCA, 0xD0, 0xF2, 0x60, 0x0A, 0x69, 0x36, 0xB0, 0x35, 0x85, 0x5E, 0xBA, 0xE4, 0x5E,
        0x90, 0x2E, 0x60, 0xC4, 0x70, 0x90, 0x28, 0xD0, 0x04, 0xC5, 0x6F, 0x90, 0x22, 0x48, 0xA2, 0x09,
		    0x98, 0x48, 0xB5, 0x93, 0xCA, 0x10, 0xFA, 0x20, 0x84, 0xE4, 0xA2, 0xF7, 0x68, 0x95, 0x9D, 0xE8,
        0x30, 0xFA, 0x68, 0xA8, 0x68, 0xC4, 0x70, 0x90, 0x06, 0xD0, 0x05, 0xC5, 0x6F, 0xB0, 0x01, 0x60,
        0xA2, 0x4D, 0x24, 0xD8, 0x10, 0x03, 0x4C, 0xE9, 0xF2, 0x20, 0xFB, 0xDA, 0x20, 0x5A, 0xDB, 0xBD,
        0x60, 0xD2, 0x48, 0x20, 0x5C, 0xDB, 0xE8, 0x68, 0x10, 0xF5, 0x20, 0x83, 0xD6, 0xA9, 0x50, 0xA0,
        0xD3, 0x20, 0x3A, 0xDB, 0xA4, 0x76, 0xC8, 0xF0, 0x03, 0x20, 0x19, 0xED, 0x20, 0xFB, 0xDA, 0xA2,
        0xDD, 0x20, 0x2E, 0xD5, 0x86, 0xB8, 0x84, 0xB9, 0x46, 0xD8, 0x20, 0xB1, 0x00, 0xAA, 0xF0, 0xEC,
        0xA2, 0xFF, 0x86, 0x76, 0x90, 0x06, 0x20, 0x59, 0xD5, 0x4C, 0x05, 0xD8, 0xA6, 0xAF, 0x86, 0x69,
        0xA6, 0xB0, 0x86, 0x6A, 0x20, 0x0C, 0xDA, 0x20, 0x59, 0xD5, 0x84, 0x0F, 0x20, 0x1A, 0xD6, 0x90,
        0x44, 0xA0, 0x01, 0xB1, 0x9B, 0x85, 0x5F, 0xA5, 0x69, 0x85, 0x5E, 0xA5, 0x9C, 0x85, 0x61, 0xA5,
        0x9B, 0x88, 0xF1, 0x9B, 0x18, 0x65, 0x69, 0x85, 0x69, 0x85, 0x60, 0xA5, 0x6A, 0x69, 0xFF, 0x85,
        0x6A, 0xE5, 0x9C, 0xAA, 0x38, 0xA5, 0x9B, 0xE5, 0x69, 0xA8, 0xB0, 0x03, 0xE8, 0xC6, 0x61, 0x18,
        0x65, 0x5E, 0x90, 0x03, 0xC6, 0x5F, 0x18, 0xB1, 0x5E, 0x91, 0x60, 0xC8, 0xD0, 0xF9, 0xE6, 0x5F,
        0xE6, 0x61, 0xCA, 0xD0, 0xF2, 0xAD, 0x00, 0x02, 0xF0, 0x38, 0xA5, 0x73, 0xA4, 0x74, 0x85, 0x6F,
        0x84, 0x70, 0xA5, 0x69, 0x85, 0x96, 0x65, 0x0F, 0x85, 0x94, 0xA4, 0x6A, 0x84, 0x97, 0x90, 0x01,
        0xC8, 0x84, 0x95, 0x20, 0x93, 0xD3, 0xA5, 0x50, 0xA4, 0x51, 0x8D, 0xFE, 0x01, 0x8C, 0xFF, 0x01,
        0xA5, 0x6D, 0xA4, 0x6E, 0x85, 0x69, 0x84, 0x6A, 0xA4, 0x0F, 0xB9, 0xFB, 0x01, 0x88, 0x91, 0x9B,
        0xD0, 0xF8, 0x20, 0x65, 0xD6, 0xA5, 0x67, 0xA4, 0x68, 0x85, 0x5E, 0x84, 0x5F, 0x18, 0xA0, 0x01,
        0xB1, 0x5E, 0xD0, 0x0B, 0xA5, 0x69, 0x85, 0xAF, 0xA5, 0x6A, 0x85, 0xB0, 0x4C, 0x3C, 0xD4, 0xA0,
        0x04, 0xC8, 0xB1, 0x5E, 0xD0, 0xFB, 0xC8, 0x98, 0x65, 0x5E, 0xAA, 0xA0, 0x00, 0x91, 0x5E, 0xA5,
        0x5F, 0x69, 0x00, 0xC8, 0x91, 0x5E, 0x86, 0x5E, 0x85, 0x5F, 0x90, 0xD2, 0xA2, 0x80, 0x86, 0x33,
        0x20, 0x6A, 0xFD, 0xE0, 0xEF, 0x90, 0x02, 0xA2, 0xEF, 0xA9, 0x00, 0x9D, 0x00, 0x02, 0x8A, 0xF0,
        0x0B, 0xBD, 0xFF, 0x01, 0x29, 0x7F, 0x9D, 0xFF, 0x01, 0xCA, 0xD0, 0xF5, 0xA9, 0x00, 0xA2, 0xFF,
		    0xA0, 0x01, 0x60, 0x20, 0x0C, 0xFD, 0x29, 0x7F, 0x60, 0xA6, 0xB8, 0xCA, 0xA0, 0x04, 0x84, 0x13,
        0x24, 0xD6, 0x10, 0x08, 0x68, 0x68, 0x20, 0x65, 0xD6, 0x4C, 0xD2, 0xD7, 0xE8, 0xBD, 0x00, 0x02,
        0x24, 0x13, 0x70, 0x04, 0xC9, 0x20, 0xF0, 0xF4, 0x85, 0x0E, 0xC9, 0x22, 0xF0, 0x74, 0x70, 0x4D,
        0xC9, 0x3F, 0xD0, 0x04, 0xA9, 0xBA, 0xD0, 0x45, 0xC9, 0x30, 0x90, 0x04, 0xC9, 0x3C, 0x90, 0x3D,
        0x84, 0xAD, 0xA9, 0xD0, 0x85, 0x9D, 0xA9, 0xCF, 0x85, 0x9E, 0xA0, 0x00, 0x84, 0x0F, 0x88, 0x86,
        0xB8, 0xCA, 0xC8, 0xD0, 0x02, 0xE6, 0x9E, 0xE8, 0xBD, 0x00, 0x02, 0xC9, 0x20, 0xF0, 0xF8, 0x38,
        0xF1, 0x9D, 0xF0, 0xEE, 0xC9, 0x80, 0xD0, 0x41, 0x05, 0x0F, 0xC9, 0xC5, 0xD0, 0x0D, 0xBD, 0x01,
        0x02, 0xC9, 0x4E, 0xF0, 0x34, 0xC9, 0x4F, 0xF0, 0x30, 0xA9, 0xC5, 0xA4, 0xAD, 0xE8, 0xC8, 0x99,
        0xFB, 0x01, 0xB9, 0xFB, 0x01, 0xF0, 0x39, 0x38, 0xE9, 0x3A, 0xF0, 0x04, 0xC9, 0x49, 0xD0, 0x02,
        0x85, 0x13, 0x38, 0xE9, 0x78, 0xD0, 0x86, 0x85, 0x0E, 0xBD, 0x00, 0x02, 0xF0, 0xDF, 0xC5, 0x0E,
        0xF0, 0xDB, 0xC8, 0x99, 0xFB, 0x01, 0xE8, 0xD0, 0xF0, 0xA6, 0xB8, 0xE6, 0x0F, 0xB1, 0x9D, 0xC8,
        0xD0, 0x02, 0xE6, 0x9E, 0x0A, 0x90, 0xF6, 0xB1, 0x9D, 0xD0, 0x9D, 0xBD, 0x00, 0x02, 0x10, 0xBB,
        0x99, 0xFD, 0x01, 0xC6, 0xB9, 0xA9, 0xFF, 0x85, 0xB8, 0x60, 0xA5, 0x67, 0xA6, 0x68, 0xA0, 0x01,
        0x85, 0x9B, 0x86, 0x9C, 0xB1, 0x9B, 0xF0, 0x1F, 0xC8, 0xC8, 0xA5, 0x51, 0xD1, 0x9B, 0x90, 0x18,
        0xF0, 0x03, 0x88, 0xD0, 0x09, 0xA5, 0x50, 0x88, 0xD1, 0x9B, 0x90, 0x0C, 0xF0, 0x0A, 0x88, 0xB1,
        0x9B, 0xAA, 0x88, 0xB1, 0x9B, 0xB0, 0xD7, 0x18, 0x60, 0xD0, 0xFD, 0xA9, 0x00, 0x85, 0xD6, 0xA8,
        0x91, 0x67, 0xC8, 0x91, 0x67, 0xA5, 0x67, 0x69, 0x02, 0x85, 0x69, 0x85, 0xAF, 0xA5, 0x68, 0x69,
        0x00, 0x85, 0x6A, 0x85, 0xB0, 0x20, 0x97, 0xD6, 0xA9, 0x00, 0xD0, 0x2A, 0xA5, 0x73, 0xA4, 0x74,
        0x85, 0x6F, 0x84, 0x70, 0xA5, 0x69, 0xA4, 0x6A, 0x85, 0x6B, 0x84, 0x6C, 0x85, 0x6D, 0x84, 0x6E,
		    0x20, 0x49, 0xD8, 0xA2, 0x55, 0x86, 0x52, 0x68, 0xA8, 0x68, 0xA2, 0xF8, 0x9A, 0x48, 0x98, 0x48,
        0xA9, 0x00, 0x85, 0x7A, 0x85, 0x14, 0x60, 0x18, 0xA5, 0x67, 0x69, 0xFF, 0x85, 0xB8, 0xA5, 0x68,
        0x69, 0xFF, 0x85, 0xB9, 0x60, 0x90, 0x0A, 0xF0, 0x08, 0xC9, 0xC9, 0xF0, 0x04, 0xC9, 0x2C, 0xD0,
        0xE5, 0x20, 0x0C, 0xDA, 0x20, 0x1A, 0xD6, 0x20, 0xB7, 0x00, 0xF0, 0x10, 0xC9, 0xC9, 0xF0, 0x04,
        0xC9, 0x2C, 0xD0, 0x84, 0x20, 0xB1, 0x00, 0x20, 0x0C, 0xDA, 0xD0, 0xCA, 0x68, 0x68, 0xA5, 0x50,
        0x05, 0x51, 0xD0, 0x06, 0xA9, 0xFF, 0x85, 0x50, 0x85, 0x51, 0xA0, 0x01, 0xB1, 0x9B, 0xF0, 0x44,
        0x20, 0x58, 0xD8, 0x20, 0xFB, 0xDA, 0xC8, 0xB1, 0x9B, 0xAA, 0xC8, 0xB1, 0x9B, 0xC5, 0x51, 0xD0,
        0x04, 0xE4, 0x50, 0xF0, 0x02, 0xB0, 0x2D, 0x84, 0x85, 0x20, 0x24, 0xED, 0xA9, 0x20, 0xA4, 0x85,
        0x29, 0x7F, 0x20, 0x5C, 0xDB, 0xA5, 0x24, 0xC9, 0x21, 0x90, 0x07, 0x20, 0xFB, 0xDA, 0xA9, 0x05,
        0x85, 0x24, 0xC8, 0xB1, 0x9B, 0xD0, 0x1D, 0xA8, 0xB1, 0x9B, 0xAA, 0xC8, 0xB1, 0x9B, 0x86, 0x9B,
        0x85, 0x9C, 0xD0, 0xB6, 0xA9, 0x0D, 0x20, 0x5C, 0xDB, 0x4C, 0xD2, 0xD7, 0xC8, 0xD0, 0x02, 0xE6,
        0x9E, 0xB1, 0x9D, 0x60, 0x10, 0xCC, 0x38, 0xE9, 0x7F, 0xAA, 0x84, 0x85, 0xA0, 0xD0, 0x84, 0x9D,
        0xA0, 0xCF, 0x84, 0x9E, 0xA0, 0xFF, 0xCA, 0xF0, 0x07, 0x20, 0x2C, 0xD7, 0x10, 0xFB, 0x30, 0xF6,
        0xA9, 0x20, 0x20, 0x5C, 0xDB, 0x20, 0x2C, 0xD7, 0x30, 0x05, 0x20, 0x5C, 0xDB, 0xD0, 0xF6, 0x20,
        0x5C, 0xDB, 0xA9, 0x20, 0xD0, 0x98, 0xA9, 0x80, 0x85, 0x14, 0x20, 0x46, 0xDA, 0x20, 0x65, 0xD3,
        0xD0, 0x05, 0x8A, 0x69, 0x0F, 0xAA, 0x9A, 0x68, 0x68, 0xA9, 0x09, 0x20, 0xD6, 0xD3, 0x20, 0xA3,
        0xD9, 0x18, 0x98, 0x65, 0xB8, 0x48, 0xA5, 0xB9, 0x69, 0x00, 0x48, 0xA5, 0x76, 0x48, 0xA5, 0x75,
        0x48, 0xA9, 0xC1, 0x20, 0xC0, 0xDE, 0x20, 0x6A, 0xDD, 0x20, 0x67, 0xDD, 0xA5, 0xA2, 0x09, 0x7F,
        0x25, 0x9E, 0x85, 0x9E, 0xA9, 0xAF, 0xA0, 0xD7, 0x85, 0x5E, 0x84, 0x5F, 0x4C, 0x20, 0xDE, 0xA9,
        0x13, 0xA0, 0xE9, 0x20, 0xF9, 0xEA, 0x20, 0xB7, 0x00, 0xC9, 0xC7, 0xD0, 0x06, 0x20, 0xB1, 0x00,
        0x20, 0x67, 0xDD, 0x20, 0x82, 0xEB, 0x20, 0x15, 0xDE, 0xA5, 0x86, 0x48, 0xA5, 0x85, 0x48, 0xA9,
        0x81, 0x48, 0xBA, 0x86, 0xF8, 0x20, 0x58, 0xD8, 0xA5, 0xB8, 0xA4, 0xB9, 0xA6, 0x76, 0xE8, 0xF0,
        0x04, 0x85, 0x79, 0x84, 0x7A, 0xA0, 0x00, 0xB1, 0xB8, 0xD0, 0x57, 0xA0, 0x02, 0xB1, 0xB8, 0x18,
        0xF0, 0x34, 0xC8, 0xB1, 0xB8, 0x85, 0x75, 0xC8, 0xB1, 0xB8, 0x85, 0x76, 0x98, 0x65, 0xB8, 0x85,
        0xB8, 0x90, 0x02, 0xE6, 0xB9, 0x24, 0xF2, 0x10, 0x14, 0xA6, 0x76, 0xE8, 0xF0, 0x0F, 0xA9, 0x23,
        0x20, 0x5C, 0xDB, 0xA6, 0x75, 0xA5, 0x76, 0x20, 0x24, 0xED, 0x20, 0x57, 0xDB, 0x20, 0xB1, 0x00,
        0x20, 0x28, 0xD8, 0x4C, 0xD2, 0xD7, 0xF0, 0x62, 0xF0, 0x2D, 0xE9, 0x80, 0x90, 0x11, 0xC9, 0x40,
        0xB0, 0x14, 0x0A, 0xA8, 0xB9, 0x01, 0xD0, 0x48, 0xB9, 0x00, 0xD0, 0x48, 0x4C, 0xB1, 0x00, 0x4C,
		    0x46, 0xDA, 0xC9, 0x3A, 0xF0, 0xBF, 0x4C, 0xC9, 0xDE, 0x38, 0xA5, 0x67, 0xE9, 0x01, 0xA4, 0x68,
        0xB0, 0x01, 0x88, 0x85, 0x7D, 0x84, 0x7E, 0x60, 0xAD, 0x00, 0xC0, 0xC9, 0x83, 0xF0, 0x01, 0x60,
        0x20, 0x53, 0xD5, 0xA2, 0xFF, 0x24, 0xD8, 0x10, 0x03, 0x4C, 0xE9, 0xF2, 0xC9, 0x03, 0xB0, 0x01,
        0x18, 0xD0, 0x3C, 0xA5, 0xB8, 0xA4, 0xB9, 0xA6, 0x76, 0xE8, 0xF0, 0x0C, 0x85, 0x79, 0x84, 0x7A,
        0xA5, 0x75, 0xA4, 0x76, 0x85, 0x77, 0x84, 0x78, 0x68, 0x68, 0xA9, 0x5D, 0xA0, 0xD3, 0x90, 0x03,
        0x4C, 0x31, 0xD4, 0x4C, 0x3C, 0xD4, 0xD0, 0x17, 0xA2, 0xD2, 0xA4, 0x7A, 0xD0, 0x03, 0x4C, 0x12,
        0xD4, 0xA5, 0x79, 0x85, 0xB8, 0x84, 0xB9, 0xA5, 0x77, 0xA4, 0x78, 0x85, 0x75, 0x84, 0x76, 0x60,
        0x38, 0xA5, 0xAF, 0xE5, 0x67, 0x85, 0x50, 0xA5, 0xB0, 0xE5, 0x68, 0x85, 0x51, 0x20, 0xF0, 0xD8,
        0x20, 0xCD, 0xFE, 0x20, 0x01, 0xD9, 0x4C, 0xCD, 0xFE, 0x20, 0xF0, 0xD8, 0x20, 0xFD, 0xFE, 0x18,
        0xA5, 0x67, 0x65, 0x50, 0x85, 0x69, 0xA5, 0x68, 0x65, 0x51, 0x85, 0x6A, 0xA5, 0x52, 0x85, 0xD6,
        0x20, 0x01, 0xD9, 0x20, 0xFD, 0xFE, 0x24, 0xD6, 0x10, 0x03, 0x4C, 0x65, 0xD6, 0x4C, 0xF2, 0xD4,
        0xA9, 0x50, 0xA0, 0x00, 0x85, 0x3C, 0x84, 0x3D, 0xA9, 0x52, 0x85, 0x3E, 0x84, 0x3F, 0x84, 0xD6,
        0x60, 0xA5, 0x67, 0xA4, 0x68, 0x85, 0x3C, 0x84, 0x3D, 0xA5, 0x69, 0xA4, 0x6A, 0x85, 0x3E, 0x84,
		    0x3F, 0x60, 0x08, 0xC6, 0x76, 0x28, 0xD0, 0x03, 0x4C, 0x65, 0xD6, 0x20, 0x6C, 0xD6, 0x4C, 0x35,
        0xD9, 0xA9, 0x03, 0x20, 0xD6, 0xD3, 0xA5, 0xB9, 0x48, 0xA5, 0xB8, 0x48, 0xA5, 0x76, 0x48, 0xA5,
        0x75, 0x48, 0xA9, 0xB0, 0x48, 0x20, 0xB7, 0x00, 0x20, 0x3E, 0xD9, 0x4C, 0xD2, 0xD7, 0x20, 0x0C,
        0xDA, 0x20, 0xA6, 0xD9, 0xA5, 0x76, 0xC5, 0x51, 0xB0, 0x0B, 0x98, 0x38, 0x65, 0xB8, 0xA6, 0xB9,
        0x90, 0x07, 0xE8, 0xB0, 0x04, 0xA5, 0x67, 0xA6, 0x68, 0x20, 0x1E, 0xD6, 0x90, 0x1E, 0xA5, 0x9B,
        0xE9, 0x01, 0x85, 0xB8, 0xA5, 0x9C, 0xE9, 0x00, 0x85, 0xB9, 0x60, 0xD0, 0xFD, 0xA9, 0xFF, 0x85,
        0x85, 0x20, 0x65, 0xD3, 0x9A, 0xC9, 0xB0, 0xF0, 0x0B, 0xA2, 0x16, 0x2C, 0xA2, 0x5A, 0x4C, 0x12,
        0xD4, 0x4C, 0xC9, 0xDE, 0x68, 0x68, 0xC0, 0x42, 0xF0, 0x3B, 0x85, 0x75, 0x68, 0x85, 0x76, 0x68,
        0x85, 0xB8, 0x68, 0x85, 0xB9, 0x20, 0xA3, 0xD9, 0x98, 0x18, 0x65, 0xB8, 0x85, 0xB8, 0x90, 0x02,
        0xE6, 0xB9, 0x60, 0xA2, 0x3A, 0x2C, 0xA2, 0x00, 0x86, 0x0D, 0xA0, 0x00, 0x84, 0x0E, 0xA5, 0x0E,
        0xA6, 0x0D, 0x85, 0x0D, 0x86, 0x0E, 0xB1, 0xB8, 0xF0, 0xE8, 0xC5, 0x0E, 0xF0, 0xE4, 0xC8, 0xC9,
        0x22, 0xD0, 0xF3, 0xF0, 0xE9, 0x68, 0x68, 0x68, 0x60, 0x20, 0x7B, 0xDD, 0x20, 0xB7, 0x00, 0xC9,
        0xAB, 0xF0, 0x05, 0xA9, 0xC4, 0x20, 0xC0, 0xDE, 0xA5, 0x9D, 0xD0, 0x05, 0x20, 0xA6, 0xD9, 0xF0,
        0xB7, 0x20, 0xB7, 0x00, 0xB0, 0x03, 0x4C, 0x3E, 0xD9, 0x4C, 0x28, 0xD8, 0x20, 0xF8, 0xE6, 0x48,
        0xC9, 0xB0, 0xF0, 0x04, 0xC9, 0xAB, 0xD0, 0x89, 0xC6, 0xA1, 0xD0, 0x04, 0x68, 0x4C, 0x2A, 0xD8,
        0x20, 0xB1, 0x00, 0x20, 0x0C, 0xDA, 0xC9, 0x2C, 0xF0, 0xEE, 0x68, 0x60, 0xA2, 0x00, 0x86, 0x50,
        0x86, 0x51, 0xB0, 0xF7, 0xE9, 0x2F, 0x85, 0x0D, 0xA5, 0x51, 0x85, 0x5E, 0xC9, 0x19, 0xB0, 0xD4,
        0xA5, 0x50, 0x0A, 0x26, 0x5E, 0x0A, 0x26, 0x5E, 0x65, 0x50, 0x85, 0x50, 0xA5, 0x5E, 0x65, 0x51,
        0x85, 0x51, 0x06, 0x50, 0x26, 0x51, 0xA5, 0x50, 0x65, 0x0D, 0x85, 0x50, 0x90, 0x02, 0xE6, 0x51,
        0x20, 0xB1, 0x00, 0x4C, 0x12, 0xDA, 0x20, 0xE3, 0xDF, 0x85, 0x85, 0x84, 0x86, 0xA9, 0xD0, 0x20,
        0xC0, 0xDE, 0xA5, 0x12, 0x48, 0xA5, 0x11, 0x48, 0x20, 0x7B, 0xDD, 0x68, 0x2A, 0x20, 0x6D, 0xDD,
        0xD0, 0x18, 0x68, 0x10, 0x12, 0x20, 0x72, 0xEB, 0x20, 0x0C, 0xE1, 0xA0, 0x00, 0xA5, 0xA0, 0x91,
        0x85, 0xC8, 0xA5, 0xA1, 0x91, 0x85, 0x60, 0x4C, 0x27, 0xEB, 0x68, 0xA0, 0x02, 0xB1, 0xA0, 0xC5,
        0x70, 0x90, 0x17, 0xD0, 0x07, 0x88, 0xB1, 0xA0, 0xC5, 0x6F, 0x90, 0x0E, 0xA4, 0xA1, 0xC4, 0x6A,
        0x90, 0x08, 0xD0, 0x0D, 0xA5, 0xA0, 0xC5, 0x69, 0xB0, 0x07, 0xA5, 0xA0, 0xA4, 0xA1, 0x4C, 0xB7,
        0xDA, 0xA0, 0x00, 0xB1, 0xA0, 0x20, 0xD5, 0xE3, 0xA5, 0x8C, 0xA4, 0x8D, 0x85, 0xAB, 0x84, 0xAC,
        0x20, 0xD4, 0xE5, 0xA9, 0x9D, 0xA0, 0x00, 0x85, 0x8C, 0x84, 0x8D, 0x20, 0x35, 0xE6, 0xA0, 0x00,
        0xB1, 0x8C, 0x91, 0x85, 0xC8, 0xB1, 0x8C, 0x91, 0x85, 0xC8, 0xB1, 0x8C, 0x91, 0x85, 0x60, 0x20,
        0x3D, 0xDB, 0x20, 0xB7, 0x00, 0xF0, 0x24, 0xF0, 0x29, 0xC9, 0xC0, 0xF0, 0x39, 0xC9, 0xC3, 0x18,
        0xF0, 0x34, 0xC9, 0x2C, 0x18, 0xF0, 0x1C, 0xC9, 0x3B, 0xF0, 0x44, 0x20, 0x7B, 0xDD, 0x24, 0x11,
        0x30, 0xDD, 0x20, 0x34, 0xED, 0x20, 0xE7, 0xE3, 0x4C, 0xCF, 0xDA, 0xA9, 0x0D, 0x20, 0x5C, 0xDB,
        0x49, 0xFF, 0x60, 0xA5, 0x24, 0xC9, 0x18, 0x90, 0x05, 0x20, 0xFB, 0xDA, 0xD0, 0x21, 0x69, 0x10,
        0x29, 0xF0, 0x85, 0x24, 0x90, 0x19, 0x08, 0x20, 0xF5, 0xE6, 0xC9, 0x29, 0xF0, 0x03, 0x4C, 0xC9,
        0xDE, 0x28, 0x90, 0x07, 0xCA, 0x8A, 0xE5, 0x24, 0x90, 0x05, 0xAA, 0xE8, 0xCA, 0xD0, 0x06, 0x20,
		    0xB1, 0x00, 0x4C, 0xD7, 0xDA, 0x20, 0x57, 0xDB, 0xD0, 0xF2, 0x20, 0xE7, 0xE3, 0x20, 0x00, 0xE6,
        0xAA, 0xA0, 0x00, 0xE8, 0xCA, 0xF0, 0xBB, 0xB1, 0x5E, 0x20, 0x5C, 0xDB, 0xC8, 0xC9, 0x0D, 0xD0,
        0xF3, 0x20, 0x00, 0xDB, 0x4C, 0x44, 0xDB, 0xA9, 0x20, 0x2C, 0xA9, 0x3F, 0x09, 0x80, 0xC9, 0xA0,
        0x90, 0x02, 0x05, 0xF3, 0x20, 0xED, 0xFD, 0x29, 0x7F, 0x48, 0xA5, 0xF1, 0x20, 0xA8, 0xFC, 0x68,
        0x60, 0xA5, 0x15, 0xF0, 0x12, 0x30, 0x04, 0xA0, 0xFF, 0xD0, 0x04, 0xA5, 0x7B, 0xA4, 0x7C, 0x85,
        0x75, 0x84, 0x76, 0x4C, 0xC9, 0xDE, 0x68, 0x24, 0xD8, 0x10, 0x05, 0xA2, 0xFE, 0x4C, 0xE9, 0xF2,
        0xA9, 0xEF, 0xA0, 0xDC, 0x20, 0x3A, 0xDB, 0xA5, 0x79, 0xA4, 0x7A, 0x85, 0xB8, 0x84, 0xB9, 0x60,
		    0x20, 0x06, 0xE3, 0xA2, 0x01, 0xA0, 0x02, 0xA9, 0x00, 0x8D, 0x01, 0x02, 0xA9, 0x40, 0x20, 0xEB,
        0xDB, 0x60, 0xC9, 0x22, 0xD0, 0x0E, 0x20, 0x81, 0xDE, 0xA9, 0x3B, 0x20, 0xC0, 0xDE, 0x20, 0x3D,
        0xDB, 0x4C, 0xC7, 0xDB, 0x20, 0x5A, 0xDB, 0x20, 0x06, 0xE3, 0xA9, 0x2C, 0x8D, 0xFF, 0x01, 0x20,
        0x2C, 0xD5, 0xAD, 0x00, 0x02, 0xC9, 0x03, 0xD0, 0x10, 0x4C, 0x63, 0xD8, 0x20, 0x5A, 0xDB, 0x4C,
        0x2C, 0xD5, 0xA6, 0x7D, 0xA4, 0x7E, 0xA9, 0x98, 0x2C, 0xA9, 0x00, 0x85, 0x15, 0x86, 0x7F, 0x84,
        0x80, 0x20, 0xE3, 0xDF, 0x85, 0x85, 0x84, 0x86, 0xA5, 0xB8, 0xA4, 0xB9, 0x85, 0x87, 0x84, 0x88,
        0xA6, 0x7F, 0xA4, 0x80, 0x86, 0xB8, 0x84, 0xB9, 0x20, 0xB7, 0x00, 0xD0, 0x1E, 0x24, 0x15, 0x50,
        0x0E, 0x20, 0x0C, 0xFD, 0x29, 0x7F, 0x8D, 0x00, 0x02, 0xA2, 0xFF, 0xA0, 0x01, 0xD0, 0x08, 0x30,
        0x7F, 0x20, 0x5A, 0xDB, 0x20, 0xDC, 0xDB, 0x86, 0xB8, 0x84, 0xB9, 0x20, 0xB1, 0x00, 0x24, 0x11,
        0x10, 0x31, 0x24, 0x15, 0x50, 0x09, 0xE8, 0x86, 0xB8, 0xA9, 0x00, 0x85, 0x0D, 0xF0, 0x0C, 0x85,
        0x0D, 0xC9, 0x22, 0xF0, 0x07, 0xA9, 0x3A, 0x85, 0x0D, 0xA9, 0x2C, 0x18, 0x85, 0x0E, 0xA5, 0xB8,
        0xA4, 0xB9, 0x69, 0x00, 0x90, 0x01, 0xC8, 0x20, 0xED, 0xE3, 0x20, 0x3D, 0xE7, 0x20, 0x7B, 0xDA,
        0x4C, 0x72, 0xDC, 0x48, 0xAD, 0x00, 0x02, 0xF0, 0x30, 0x68, 0x20, 0x4A, 0xEC, 0xA5, 0x12, 0x20,
        0x63, 0xDA, 0x20, 0xB7, 0x00, 0xF0, 0x07, 0xC9, 0x2C, 0xF0, 0x03, 0x4C, 0x71, 0xDB, 0xA5, 0xB8,
        0xA4, 0xB9, 0x85, 0x7F, 0x84, 0x80, 0xA5, 0x87, 0xA4, 0x88, 0x85, 0xB8, 0x84, 0xB9, 0x20, 0xB7,
        0x00, 0xF0, 0x33, 0x20, 0xBE, 0xDE, 0x4C, 0xF1, 0xDB, 0xA5, 0x15, 0xD0, 0xCC, 0x4C, 0x86, 0xDB,
        0x20, 0xA3, 0xD9, 0xC8, 0xAA, 0xD0, 0x12, 0xA2, 0x2A, 0xC8, 0xB1, 0xB8, 0xF0, 0x5F, 0xC8, 0xB1,
        0xB8, 0x85, 0x7B, 0xC8, 0xB1, 0xB8, 0xC8, 0x85, 0x7C, 0xB1, 0xB8, 0xAA, 0x20, 0x98, 0xD9, 0xE0,
        0x83, 0xD0, 0xDD, 0x4C, 0x2B, 0xDC, 0xA5, 0x7F, 0xA4, 0x80, 0xA6, 0x15, 0x10, 0x03, 0x4C, 0x53,
        0xD8, 0xA0, 0x00, 0xB1, 0x7F, 0xF0, 0x07, 0xA9, 0xDF, 0xA0, 0xDC, 0x4C, 0x3A, 0xDB, 0x60, 0x3F,
        0x45, 0x58, 0x54, 0x52, 0x41, 0x20, 0x49, 0x47, 0x4E, 0x4F, 0x52, 0x45, 0x44, 0x0D, 0x00, 0x3F,
        0x52, 0x45, 0x45, 0x4E, 0x54, 0x45, 0x52, 0x0D, 0x00, 0xD0, 0x04, 0xA0, 0x00, 0xF0, 0x03, 0x20,
        0xE3, 0xDF, 0x85, 0x85, 0x84, 0x86, 0x20, 0x65, 0xD3, 0xF0, 0x04, 0xA2, 0x00, 0xF0, 0x69, 0x9A,
        0xE8, 0xE8, 0xE8, 0xE8, 0x8A, 0xE8, 0xE8, 0xE8, 0xE8, 0xE8, 0xE8, 0x86, 0x60, 0xA0, 0x01, 0x20,
        0xF9, 0xEA, 0xBA, 0xBD, 0x09, 0x01, 0x85, 0xA2, 0xA5, 0x85, 0xA4, 0x86, 0x20, 0xBE, 0xE7, 0x20,
        0x27, 0xEB, 0xA0, 0x01, 0x20, 0xB4, 0xEB, 0xBA, 0x38, 0xFD, 0x09, 0x01, 0xF0, 0x17, 0xBD, 0x0F,
        0x01, 0x85, 0x75, 0xBD, 0x10, 0x01, 0x85, 0x76, 0xBD, 0x12, 0x01, 0x85, 0xB8, 0xBD, 0x11, 0x01,
        0x85, 0xB9, 0x4C, 0xD2, 0xD7, 0x8A, 0x69, 0x11, 0xAA, 0x9A, 0x20, 0xB7, 0x00, 0xC9, 0x2C, 0xD0,
        0xF1, 0x20, 0xB1, 0x00, 0x20, 0xFF, 0xDC, 0x20, 0x7B, 0xDD, 0x18, 0x24, 0x38, 0x24, 0x11, 0x30,
        0x03, 0xB0, 0x03, 0x60, 0xB0, 0xFD, 0xA2, 0xA3, 0x4C, 0x12, 0xD4, 0xA6, 0xB8, 0xD0, 0x02, 0xC6,
        0xB9, 0xC6, 0xB8, 0xA2, 0x00, 0x24, 0x48, 0x8A, 0x48, 0xA9, 0x01, 0x20, 0xD6, 0xD3, 0x20, 0x60,
        0xDE, 0xA9, 0x00, 0x85, 0x89, 0x20, 0xB7, 0x00, 0x38, 0xE9, 0xCF, 0x90, 0x17, 0xC9, 0x03, 0xB0,
        0x13, 0xC9, 0x01, 0x2A, 0x49, 0x01, 0x45, 0x89, 0xC5, 0x89, 0x90, 0x61, 0x85, 0x89, 0x20, 0xB1,
        0x00, 0x4C, 0x98, 0xDD, 0xA6, 0x89, 0xD0, 0x2C, 0xB0, 0x7B, 0x69, 0x07, 0x90, 0x77, 0x65, 0x11,
        0xD0, 0x03, 0x4C, 0x97, 0xE5, 0x69, 0xFF, 0x85, 0x5E, 0x0A, 0x65, 0x5E, 0xA8, 0x68, 0xD9, 0xB2,
        0xD0, 0xB0, 0x67, 0x20, 0x6A, 0xDD, 0x48, 0x20, 0xFD, 0xDD, 0x68, 0xA4, 0x87, 0x10, 0x17, 0xAA,
        0xF0, 0x56, 0xD0, 0x5F, 0x46, 0x11, 0x8A, 0x2A, 0xA6, 0xB8, 0xD0, 0x02, 0xC6, 0xB9, 0xC6, 0xB8,
        0xA0, 0x1B, 0x85, 0x89, 0xD0, 0xD7, 0xD9, 0xB2, 0xD0, 0xB0, 0x48, 0x90, 0xD9, 0xB9, 0xB4, 0xD0,
        0x48, 0xB9, 0xB3, 0xD0, 0x48, 0x20, 0x10, 0xDE, 0xA5, 0x89, 0x4C, 0x86, 0xDD, 0x4C, 0xC9, 0xDE,
        0xA5, 0xA2, 0xBE, 0xB2, 0xD0, 0xA8, 0x68, 0x85, 0x5E, 0xE6, 0x5E, 0x68, 0x85, 0x5F, 0x98, 0x48,
		    0x20, 0x72, 0xEB, 0xA5, 0xA1, 0x48, 0xA5, 0xA0, 0x48, 0xA5, 0x9F, 0x48, 0xA5, 0x9E, 0x48, 0xA5,
		    0x9D, 0x48, 0x6C, 0x5E, 0x00, 0xA0, 0xFF, 0x68, 0xF0, 0x23, 0xC9, 0x64, 0xF0, 0x03, 0x20, 0x6A,
        0xDD, 0x84, 0x87, 0x68, 0x4A, 0x85, 0x16, 0x68, 0x85, 0xA5, 0x68, 0x85, 0xA6, 0x68, 0x85, 0xA7,
        0x68, 0x85, 0xA8, 0x68, 0x85, 0xA9, 0x68, 0x85, 0xAA, 0x45, 0xA2, 0x85, 0xAB, 0xA5, 0x9D, 0x60,
        0xA9, 0x00, 0x85, 0x11, 0x20, 0xB1, 0x00, 0xB0, 0x03, 0x4C, 0x4A, 0xEC, 0x20, 0x7D, 0xE0, 0xB0,
        0x64, 0xC9, 0x2E, 0xF0, 0xF4, 0xC9, 0xC9, 0xF0, 0x55, 0xC9, 0xC8, 0xF0, 0xE7, 0xC9, 0x22, 0xD0,
        0x0F, 0xA5, 0xB8, 0xA4, 0xB9, 0x69, 0x00, 0x90, 0x01, 0xC8, 0x20, 0xE7, 0xE3, 0x4C, 0x3D, 0xE7,
        0xC9, 0xC6, 0xD0, 0x10, 0xA0, 0x18, 0xD0, 0x38, 0xA5, 0x9D, 0xD0, 0x03, 0xA0, 0x01, 0x2C, 0xA0,
        0x00, 0x4C, 0x01, 0xE3, 0xC9, 0xC2, 0xD0, 0x03, 0x4C, 0x54, 0xE3, 0xC9, 0xD2, 0x90, 0x03, 0x4C,
        0x0C, 0xDF, 0x20, 0xBB, 0xDE, 0x20, 0x7B, 0xDD, 0xA9, 0x29, 0x2C, 0xA9, 0x28, 0x2C, 0xA9, 0x2C,
        0xA0, 0x00, 0xD1, 0xB8, 0xD0, 0x03, 0x4C, 0xB1, 0x00, 0xA2, 0x10, 0x4C, 0x12, 0xD4, 0xA0, 0x15,
        0x68, 0x68, 0x4C, 0xD7, 0xDD, 0x20, 0xE3, 0xDF, 0x85, 0xA0, 0x84, 0xA1, 0xA6, 0x11, 0xF0, 0x05,
        0xA2, 0x00, 0x86, 0xAC, 0x60, 0xA6, 0x12, 0x10, 0x0D, 0xA0, 0x00, 0xB1, 0xA0, 0xAA, 0xC8, 0xB1,
        0xA0, 0xA8, 0x8A, 0x4C, 0xF2, 0xE2, 0x4C, 0xF9, 0xEA, 0x20, 0xB1, 0x00, 0x20, 0xEC, 0xF1, 0x8A,
        0xA4, 0xF0, 0x20, 0x71, 0xF8, 0xA8, 0x20, 0x01, 0xE3, 0x4C, 0xB8, 0xDE, 0xC9, 0xD7, 0xF0, 0xE9,
        0x0A, 0x48, 0xAA, 0x20, 0xB1, 0x00, 0xE0, 0xCF, 0x90, 0x20, 0x20, 0xBB, 0xDE, 0x20, 0x7B, 0xDD,
        0x20, 0xBE, 0xDE, 0x20, 0x6C, 0xDD, 0x68, 0xAA, 0xA5, 0xA1, 0x48, 0xA5, 0xA0, 0x48, 0x8A, 0x48,
        0x20, 0xF8, 0xE6, 0x68, 0xA8, 0x8A, 0x48, 0x4C, 0x3F, 0xDF, 0x20, 0xB2, 0xDE, 0x68, 0xA8, 0xB9,
        0xDC, 0xCF, 0x85, 0x91, 0xB9, 0xDD, 0xCF, 0x85, 0x92, 0x20, 0x90, 0x00, 0x4C, 0x6A, 0xDD, 0xA5,
        0xA5, 0x05, 0x9D, 0xD0, 0x0B, 0xA5, 0xA5, 0xF0, 0x04, 0xA5, 0x9D, 0xD0, 0x03, 0xA0, 0x00, 0x2C,
        0xA0, 0x01, 0x4C, 0x01, 0xE3, 0x20, 0x6D, 0xDD, 0xB0, 0x13, 0xA5, 0xAA, 0x09, 0x7F, 0x25, 0xA6,
        0x85, 0xA6, 0xA9, 0xA5, 0xA0, 0x00, 0x20, 0xB2, 0xEB, 0xAA, 0x4C, 0xB0, 0xDF, 0xA9, 0x00, 0x85,
        0x11, 0xC6, 0x89, 0x20, 0x00, 0xE6, 0x85, 0x9D, 0x86, 0x9E, 0x84, 0x9F, 0xA5, 0xA8, 0xA4, 0xA9,
        0x20, 0x04, 0xE6, 0x86, 0xA8, 0x84, 0xA9, 0xAA, 0x38, 0xE5, 0x9D, 0xF0, 0x08, 0xA9, 0x01, 0x90,
        0x04, 0xA6, 0x9D, 0xA9, 0xFF, 0x85, 0xA2, 0xA0, 0xFF, 0xE8, 0xC8, 0xCA, 0xD0, 0x07, 0xA6, 0xA2,
        0x30, 0x0F, 0x18, 0x90, 0x0C, 0xB1, 0xA8, 0xD1, 0x9E, 0xF0, 0xEF, 0xA2, 0xFF, 0xB0, 0x02, 0xA2,
        0x01, 0xE8, 0x8A, 0x2A, 0x25, 0x16, 0xF0, 0x02, 0xA9, 0x01, 0x4C, 0x93, 0xEB, 0x20, 0xFB, 0xE6,
        0x20, 0x1E, 0xFB, 0x4C, 0x01, 0xE3, 0x20, 0xBE, 0xDE, 0xAA, 0x20, 0xE8, 0xDF, 0x20, 0xB7, 0x00,
        0xD0, 0xF4, 0x60, 0xA2, 0x00, 0x20, 0xB7, 0x00, 0x86, 0x10, 0x85, 0x81, 0x20, 0xB7, 0x00, 0x20,
        0x7D, 0xE0, 0xB0, 0x03, 0x4C, 0xC9, 0xDE, 0xA2, 0x00, 0x86, 0x11, 0x86, 0x12, 0x4C, 0x07, 0xE0,
        0x4C, 0x28, 0xF1, 0x4C, 0x3C, 0xD4, 0x00, 0x20, 0xB1, 0x00, 0x90, 0x05, 0x20, 0x7D, 0xE0, 0x90,
        0x0B, 0xAA, 0x20, 0xB1, 0x00, 0x90, 0xFB, 0x20, 0x7D, 0xE0, 0xB0, 0xF6, 0xC9, 0x24, 0xD0, 0x06,
        0xA9, 0xFF, 0x85, 0x11, 0xD0, 0x10, 0xC9, 0x25, 0xD0, 0x13, 0xA5, 0x14, 0x30, 0xC6, 0xA9, 0x80,
        0x85, 0x12, 0x05, 0x81, 0x85, 0x81, 0x8A, 0x09, 0x80, 0xAA, 0x20, 0xB1, 0x00, 0x86, 0x82, 0x38,
        0x05, 0x14, 0xE9, 0x28, 0xD0, 0x03, 0x4C, 0x1E, 0xE1, 0x24, 0x14, 0x30, 0x02, 0x70, 0xF7, 0xA9,
        0x00, 0x85, 0x14, 0xA5, 0x69, 0xA6, 0x6A, 0xA0, 0x00, 0x86, 0x9C, 0x85, 0x9B, 0xE4, 0x6C, 0xD0,
        0x04, 0xC5, 0x6B, 0xF0, 0x22, 0xA5, 0x81, 0xD1, 0x9B, 0xD0, 0x08, 0xA5, 0x82, 0xC8, 0xD1, 0x9B,
        0xF0, 0x6C, 0x88, 0x18, 0xA5, 0x9B, 0x69, 0x07, 0x90, 0xE1, 0xE8, 0xD0, 0xDC, 0xC9, 0x41, 0x90,
        0x05, 0xE9, 0x5B, 0x38, 0xE9, 0xA5, 0x60, 0x68, 0x48, 0xC9, 0xD7, 0xD0, 0x0F, 0xBA, 0xBD, 0x02,
        0x01, 0xC9, 0xDE, 0xD0, 0x07, 0xA9, 0x9A, 0xA0, 0xE0, 0x60, 0x00, 0x00, 0xA5, 0x6B, 0xA4, 0x6C,
        0x85, 0x9B, 0x84, 0x9C, 0xA5, 0x6D, 0xA4, 0x6E, 0x85, 0x96, 0x84, 0x97, 0x18, 0x69, 0x07, 0x90,
        0x01, 0xC8, 0x85, 0x94, 0x84, 0x95, 0x20, 0x93, 0xD3, 0xA5, 0x94, 0xA4, 0x95, 0xC8, 0x85, 0x6B,
		    0x84, 0x6C, 0xA0, 0x00, 0xA5, 0x81, 0x91, 0x9B, 0xC8, 0xA5, 0x82, 0x91, 0x9B, 0xA9, 0x00, 0xC8,
        0x91, 0x9B, 0xC8, 0x91, 0x9B, 0xC8, 0x91, 0x9B, 0xC8, 0x91, 0x9B, 0xC8, 0x91, 0x9B, 0xA5, 0x9B,
        0x18, 0x69, 0x02, 0xA4, 0x9C, 0x90, 0x01, 0xC8, 0x85, 0x83, 0x84, 0x84, 0x60, 0xA5, 0x0F, 0x0A,
        0x69, 0x05, 0x65, 0x9B, 0xA4, 0x9C, 0x90, 0x01, 0xC8, 0x85, 0x94, 0x84, 0x95, 0x60, 0x90, 0x80,
        0x00, 0x00, 0x20, 0xB1, 0x00, 0x20, 0x67, 0xDD, 0xA5, 0xA2, 0x30, 0x0D, 0xA5, 0x9D, 0xC9, 0x90,
		    0x90, 0x09, 0xA9, 0xFE, 0xA0, 0xE0, 0x20, 0xB2, 0xEB, 0xD0, 0x7E, 0x4C, 0xF2, 0xEB, 0xA5, 0x14,
        0xD0, 0x47, 0xA5, 0x10, 0x05, 0x12, 0x48, 0xA5, 0x11, 0x48, 0xA0, 0x00, 0x98, 0x48, 0xA5, 0x82,
        0x48, 0xA5, 0x81, 0x48, 0x20, 0x02, 0xE1, 0x68, 0x85, 0x81, 0x68, 0x85, 0x82, 0x68, 0xA8, 0xBA,
        0xBD, 0x02, 0x01, 0x48, 0xBD, 0x01, 0x01, 0x48, 0xA5, 0xA0, 0x9D, 0x02, 0x01, 0xA5, 0xA1, 0x9D,
        0x01, 0x01, 0xC8, 0x20, 0xB7, 0x00, 0xC9, 0x2C, 0xF0, 0xD2, 0x84, 0x0F, 0x20, 0xB8, 0xDE, 0x68,
        0x85, 0x11, 0x68, 0x85, 0x12, 0x29, 0x7F, 0x85, 0x10, 0xA6, 0x6B, 0xA5, 0x6C, 0x86, 0x9B, 0x85,
        0x9C, 0xC5, 0x6E, 0xD0, 0x04, 0xE4, 0x6D, 0xF0, 0x3F, 0xA0, 0x00, 0xB1, 0x9B, 0xC8, 0xC5, 0x81,
        0xD0, 0x06, 0xA5, 0x82, 0xD1, 0x9B, 0xF0, 0x16, 0xC8, 0xB1, 0x9B, 0x18, 0x65, 0x9B, 0xAA, 0xC8,
        0xB1, 0x9B, 0x65, 0x9C, 0x90, 0xD7, 0xA2, 0x6B, 0x2C, 0xA2, 0x35, 0x4C, 0x12, 0xD4, 0xA2, 0x78,
        0xA5, 0x10, 0xD0, 0xF7, 0xA5, 0x14, 0xF0, 0x02, 0x38, 0x60, 0x20, 0xED, 0xE0, 0xA5, 0x0F, 0xA0,
        0x04, 0xD1, 0x9B, 0xD0, 0xE1, 0x4C, 0x4B, 0xE2, 0xA5, 0x14, 0xF0, 0x05, 0xA2, 0x2A, 0x4C, 0x12,
        0xD4, 0x20, 0xED, 0xE0, 0x20, 0xE3, 0xD3, 0xA9, 0x00, 0xA8, 0x85, 0xAE, 0xA2, 0x05, 0xA5, 0x81,
        0x91, 0x9B, 0x10, 0x01, 0xCA, 0xC8, 0xA5, 0x82, 0x91, 0x9B, 0x10, 0x02, 0xCA, 0xCA, 0x86, 0xAD,
        0xA5, 0x0F, 0xC8, 0xC8, 0xC8, 0x91, 0x9B, 0xA2, 0x0B, 0xA9, 0x00, 0x24, 0x10, 0x50, 0x08, 0x68,
        0x18, 0x69, 0x01, 0xAA, 0x68, 0x69, 0x00, 0xC8, 0x91, 0x9B, 0xC8, 0x8A, 0x91, 0x9B, 0x20, 0xAD,
        0xE2, 0x86, 0xAD, 0x85, 0xAE, 0xA4, 0x5E, 0xC6, 0x0F, 0xD0, 0xDC, 0x65, 0x95, 0xB0, 0x5D, 0x85,
        0x95, 0xA8, 0x8A, 0x65, 0x94, 0x90, 0x03, 0xC8, 0xF0, 0x52, 0x20, 0xE3, 0xD3, 0x85, 0x6D, 0x84,
        0x6E, 0xA9, 0x00, 0xE6, 0xAE, 0xA4, 0xAD, 0xF0, 0x05, 0x88, 0x91, 0x94, 0xD0, 0xFB, 0xC6, 0x95,
        0xC6, 0xAE, 0xD0, 0xF5, 0xE6, 0x95, 0x38, 0xA5, 0x6D, 0xE5, 0x9B, 0xA0, 0x02, 0x91, 0x9B, 0xA5,
        0x6E, 0xC8, 0xE5, 0x9C, 0x91, 0x9B, 0xA5, 0x10, 0xD0, 0x62, 0xC8, 0xB1, 0x9B, 0x85, 0x0F, 0xA9,
        0x00, 0x85, 0xAD, 0x85, 0xAE, 0xC8, 0x68, 0xAA, 0x85, 0xA0, 0x68, 0x85, 0xA1, 0xD1, 0x9B, 0x90,
        0x0E, 0xD0, 0x06, 0xC8, 0x8A, 0xD1, 0x9B, 0x90, 0x07, 0x4C, 0x96, 0xE1, 0x4C, 0x10, 0xD4, 0xC8,
        0xA5, 0xAE, 0x05, 0xAD, 0x18, 0xF0, 0x0A, 0x20, 0xAD, 0xE2, 0x8A, 0x65, 0xA0, 0xAA, 0x98, 0xA4,
        0x5E, 0x65, 0xA1, 0x86, 0xAD, 0xC6, 0x0F, 0xD0, 0xCA, 0x85, 0xAE, 0xA2, 0x05, 0xA5, 0x81, 0x10,
        0x01, 0xCA, 0xA5, 0x82, 0x10, 0x02, 0xCA, 0xCA, 0x86, 0x64, 0xA9, 0x00, 0x20, 0xB6, 0xE2, 0x8A,
        0x65, 0x94, 0x85, 0x83, 0x98, 0x65, 0x95, 0x85, 0x84, 0xA8, 0xA5, 0x83, 0x60, 0x84, 0x5E, 0xB1,
        0x9B, 0x85, 0x64, 0x88, 0xB1, 0x9B, 0x85, 0x65, 0xA9, 0x10, 0x85, 0x99, 0xA2, 0x00, 0xA0, 0x00,
        0x8A, 0x0A, 0xAA, 0x98, 0x2A, 0xA8, 0xB0, 0xA4, 0x06, 0xAD, 0x26, 0xAE, 0x90, 0x0B, 0x18, 0x8A,
        0x65, 0x64, 0xAA, 0x98, 0x65, 0x65, 0xA8, 0xB0, 0x93, 0xC6, 0x99, 0xD0, 0xE3, 0x60, 0xA5, 0x11,
        0xF0, 0x03, 0x20, 0x00, 0xE6, 0x20, 0x84, 0xE4, 0x38, 0xA5, 0x6F, 0xE5, 0x6D, 0xA8, 0xA5, 0x70,
        0xE5, 0x6E, 0xA2, 0x00, 0x86, 0x11, 0x85, 0x9E, 0x84, 0x9F, 0xA2, 0x90, 0x4C, 0x9B, 0xEB, 0xA4,
        0x24, 0xA9, 0x00, 0x38, 0xF0, 0xEC, 0xA6, 0x76, 0xE8, 0xD0, 0xA1, 0xA2, 0x95, 0x2C, 0xA2, 0xE0,
        0x4C, 0x12, 0xD4, 0x20, 0x41, 0xE3, 0x20, 0x06, 0xE3, 0x20, 0xBB, 0xDE, 0xA9, 0x80, 0x85, 0x14,
        0x20, 0xE3, 0xDF, 0x20, 0x6A, 0xDD, 0x20, 0xB8, 0xDE, 0xA9, 0xD0, 0x20, 0xC0, 0xDE, 0x48, 0xA5,
        0x84, 0x48, 0xA5, 0x83, 0x48, 0xA5, 0xB9, 0x48, 0xA5, 0xB8, 0x48, 0x20, 0x95, 0xD9, 0x4C, 0xAF,
        0xE3, 0xA9, 0xC2, 0x20, 0xC0, 0xDE, 0x09, 0x80, 0x85, 0x14, 0x20, 0xEA, 0xDF, 0x85, 0x8A, 0x84,
		    0x8B, 0x4C, 0x6A, 0xDD, 0x20, 0x41, 0xE3, 0xA5, 0x8B, 0x48, 0xA5, 0x8A, 0x48, 0x20, 0xB2, 0xDE,
        0x20, 0x6A, 0xDD, 0x68, 0x85, 0x8A, 0x68, 0x85, 0x8B, 0xA0, 0x02, 0xB1, 0x8A, 0x85, 0x83, 0xAA,
        0xC8, 0xB1, 0x8A, 0xF0, 0x99, 0x85, 0x84, 0xC8, 0xB1, 0x83, 0x48, 0x88, 0x10, 0xFA, 0xA4, 0x84,
        0x20, 0x2B, 0xEB, 0xA5, 0xB9, 0x48, 0xA5, 0xB8, 0x48, 0xB1, 0x8A, 0x85, 0xB8, 0xC8, 0xB1, 0x8A,
        0x85, 0xB9, 0xA5, 0x84, 0x48, 0xA5, 0x83, 0x48, 0x20, 0x67, 0xDD, 0x68, 0x85, 0x8A, 0x68, 0x85,
        0x8B, 0x20, 0xB7, 0x00, 0xF0, 0x03, 0x4C, 0xC9, 0xDE, 0x68, 0x85, 0xB8, 0x68, 0x85, 0xB9, 0xA0,
        0x00, 0x68, 0x91, 0x8A, 0x68, 0xC8, 0x91, 0x8A, 0x68, 0xC8, 0x91, 0x8A, 0x68, 0xC8, 0x91, 0x8A,
        0x68, 0xC8, 0x91, 0x8A, 0x60, 0x20, 0x6A, 0xDD, 0xA0, 0x00, 0x20, 0x36, 0xED, 0x68, 0x68, 0xA9,
        0xFF, 0xA0, 0x00, 0xF0, 0x12, 0xA6, 0xA0, 0xA4, 0xA1, 0x86, 0x8C, 0x84, 0x8D, 0x20, 0x52, 0xE4,
        0x86, 0x9E, 0x84, 0x9F, 0x85, 0x9D, 0x60, 0xA2, 0x22, 0x86, 0x0D, 0x86, 0x0E, 0x85, 0xAB, 0x84,
        0xAC, 0x85, 0x9E, 0x84, 0x9F, 0xA0, 0xFF, 0xC8, 0xB1, 0xAB, 0xF0, 0x0C, 0xC5, 0x0D, 0xF0, 0x04,
		    0xC5, 0x0E, 0xD0, 0xF3, 0xC9, 0x22, 0xF0, 0x01, 0x18, 0x84, 0x9D, 0x98, 0x65, 0xAB, 0x85, 0xAD,
        0xA6, 0xAC, 0x90, 0x01, 0xE8, 0x86, 0xAE, 0xA5, 0xAC, 0xF0, 0x04, 0xC9, 0x02, 0xD0, 0x0B, 0x98,
        0x20, 0xD5, 0xE3, 0xA6, 0xAB, 0xA4, 0xAC, 0x20, 0xE2, 0xE5, 0xA6, 0x52, 0xE0, 0x5E, 0xD0, 0x05,
        0xA2, 0xBF, 0x4C, 0x12, 0xD4, 0xA5, 0x9D, 0x95, 0x00, 0xA5, 0x9E, 0x95, 0x01, 0xA5, 0x9F, 0x95,
        0x02, 0xA0, 0x00, 0x86, 0xA0, 0x84, 0xA1, 0x88, 0x84, 0x11, 0x86, 0x53, 0xE8, 0xE8, 0xE8, 0x86,
        0x52, 0x60, 0x46, 0x13, 0x48, 0x49, 0xFF, 0x38, 0x65, 0x6F, 0xA4, 0x70, 0xB0, 0x01, 0x88, 0xC4,
        0x6E, 0x90, 0x11, 0xD0, 0x04, 0xC5, 0x6D, 0x90, 0x0B, 0x85, 0x6F, 0x84, 0x70, 0x85, 0x71, 0x84,
        0x72, 0xAA, 0x68, 0x60, 0xA2, 0x4D, 0xA5, 0x13, 0x30, 0xB8, 0x20, 0x84, 0xE4, 0xA9, 0x80, 0x85,
        0x13, 0x68, 0xD0, 0xD0, 0xA6, 0x73, 0xA5, 0x74, 0x86, 0x6F, 0x85, 0x70, 0xA0, 0x00, 0x84, 0x8B,
        0xA5, 0x6D, 0xA6, 0x6E, 0x85, 0x9B, 0x86, 0x9C, 0xA9, 0x55, 0xA2, 0x00, 0x85, 0x5E, 0x86, 0x5F,
        0xC5, 0x52, 0xF0, 0x05, 0x20, 0x23, 0xE5, 0xF0, 0xF7, 0xA9, 0x07, 0x85, 0x8F, 0xA5, 0x69, 0xA6,
        0x6A, 0x85, 0x5E, 0x86, 0x5F, 0xE4, 0x6C, 0xD0, 0x04, 0xC5, 0x6B, 0xF0, 0x05, 0x20, 0x19, 0xE5,
        0xF0, 0xF3, 0x85, 0x94, 0x86, 0x95, 0xA9, 0x03, 0x85, 0x8F, 0xA5, 0x94, 0xA6, 0x95, 0xE4, 0x6E,
        0xD0, 0x07, 0xC5, 0x6D, 0xD0, 0x03, 0x4C, 0x62, 0xE5, 0x85, 0x5E, 0x86, 0x5F, 0xA0, 0x00, 0xB1,
        0x5E, 0xAA, 0xC8, 0xB1, 0x5E, 0x08, 0xC8, 0xB1, 0x5E, 0x65, 0x94, 0x85, 0x94, 0xC8, 0xB1, 0x5E,
        0x65, 0x95, 0x85, 0x95, 0x28, 0x10, 0xD3, 0x8A, 0x30, 0xD0, 0xC8, 0xB1, 0x5E, 0xA0, 0x00, 0x0A,
        0x69, 0x05, 0x65, 0x5E, 0x85, 0x5E, 0x90, 0x02, 0xE6, 0x5F, 0xA6, 0x5F, 0xE4, 0x95, 0xD0, 0x04,
        0xC5, 0x94, 0xF0, 0xBA, 0x20, 0x23, 0xE5, 0xF0, 0xF3, 0xB1, 0x5E, 0x30, 0x35, 0xC8, 0xB1, 0x5E,
        0x10, 0x30, 0xC8, 0xB1, 0x5E, 0xF0, 0x2B, 0xC8, 0xB1, 0x5E, 0xAA, 0xC8, 0xB1, 0x5E, 0xC5, 0x70,
        0x90, 0x06, 0xD0, 0x1E, 0xE4, 0x6F, 0xB0, 0x1A, 0xC5, 0x9C, 0x90, 0x16, 0xD0, 0x04, 0xE4, 0x9B,
        0x90, 0x10, 0x86, 0x9B, 0x85, 0x9C, 0xA5, 0x5E, 0xA6, 0x5F, 0x85, 0x8A, 0x86, 0x8B, 0xA5, 0x8F,
        0x85, 0x91, 0xA5, 0x8F, 0x18, 0x65, 0x5E, 0x85, 0x5E, 0x90, 0x02, 0xE6, 0x5F, 0xA6, 0x5F, 0xA0,
        0x00, 0x60, 0xA6, 0x8B, 0xF0, 0xF7, 0xA5, 0x91, 0x29, 0x04, 0x4A, 0xA8, 0x85, 0x91, 0xB1, 0x8A,
        0x65, 0x9B, 0x85, 0x96, 0xA5, 0x9C, 0x69, 0x00, 0x85, 0x97, 0xA5, 0x6F, 0xA6, 0x70, 0x85, 0x94,
        0x86, 0x95, 0x20, 0x9A, 0xD3, 0xA4, 0x91, 0xC8, 0xA5, 0x94, 0x91, 0x8A, 0xAA, 0xE6, 0x95, 0xA5,
        0x95, 0xC8, 0x91, 0x8A, 0x4C, 0x88, 0xE4, 0xA5, 0xA1, 0x48, 0xA5, 0xA0, 0x48, 0x20, 0x60, 0xDE,
        0x20, 0x6C, 0xDD, 0x68, 0x85, 0xAB, 0x68, 0x85, 0xAC, 0xA0, 0x00, 0xB1, 0xAB, 0x18, 0x71, 0xA0,
        0x90, 0x05, 0xA2, 0xB0, 0x4C, 0x12, 0xD4, 0x20, 0xD5, 0xE3, 0x20, 0xD4, 0xE5, 0xA5, 0x8C, 0xA4,
        0x8D, 0x20, 0x04, 0xE6, 0x20, 0xE6, 0xE5, 0xA5, 0xAB, 0xA4, 0xAC, 0x20, 0x04, 0xE6, 0x20, 0x2A,
        0xE4, 0x4C, 0x95, 0xDD, 0xA0, 0x00, 0xB1, 0xAB, 0x48, 0xC8, 0xB1, 0xAB, 0xAA, 0xC8, 0xB1, 0xAB,
		    0xA8, 0x68, 0x86, 0x5E, 0x84, 0x5F, 0xA8, 0xF0, 0x0A, 0x48, 0x88, 0xB1, 0x5E, 0x91, 0x71, 0x98,
        0xD0, 0xF8, 0x68, 0x18, 0x65, 0x71, 0x85, 0x71, 0x90, 0x02, 0xE6, 0x72, 0x60, 0x20, 0x6C, 0xDD,
        0xA5, 0xA0, 0xA4, 0xA1, 0x85, 0x5E, 0x84, 0x5F, 0x20, 0x35, 0xE6, 0x08, 0xA0, 0x00, 0xB1, 0x5E,
        0x48, 0xC8, 0xB1, 0x5E, 0xAA, 0xC8, 0xB1, 0x5E, 0xA8, 0x68, 0x28, 0xD0, 0x13, 0xC4, 0x70, 0xD0,
        0x0F, 0xE4, 0x6F, 0xD0, 0x0B, 0x48, 0x18, 0x65, 0x6F, 0x85, 0x6F, 0x90, 0x02, 0xE6, 0x70, 0x68,
        0x86, 0x5E, 0x84, 0x5F, 0x60, 0xC4, 0x54, 0xD0, 0x0C, 0xC5, 0x53, 0xD0, 0x08, 0x85, 0x52, 0xE9,
        0x03, 0x85, 0x53, 0xA0, 0x00, 0x60, 0x20, 0xFB, 0xE6, 0x8A, 0x48, 0xA9, 0x01, 0x20, 0xDD, 0xE3,
        0x68, 0xA0, 0x00, 0x91, 0x9E, 0x68, 0x68, 0x4C, 0x2A, 0xE4, 0x20, 0xB9, 0xE6, 0xD1, 0x8C, 0x98,
        0x90, 0x04, 0xB1, 0x8C, 0xAA, 0x98, 0x48, 0x8A, 0x48, 0x20, 0xDD, 0xE3, 0xA5, 0x8C, 0xA4, 0x8D,
        0x20, 0x04, 0xE6, 0x68, 0xA8, 0x68, 0x18, 0x65, 0x5E, 0x85, 0x5E, 0x90, 0x02, 0xE6, 0x5F, 0x98,
        0x20, 0xE6, 0xE5, 0x4C, 0x2A, 0xE4, 0x20, 0xB9, 0xE6, 0x18, 0xF1, 0x8C, 0x49, 0xFF, 0x4C, 0x60,
        0xE6, 0xA9, 0xFF, 0x85, 0xA1, 0x20, 0xB7, 0x00, 0xC9, 0x29, 0xF0, 0x06, 0x20, 0xBE, 0xDE, 0x20,
        0xF8, 0xE6, 0x20, 0xB9, 0xE6, 0xCA, 0x8A, 0x48, 0x18, 0xA2, 0x00, 0xF1, 0x8C, 0xB0, 0xB8, 0x49,
        0xFF, 0xC5, 0xA1, 0x90, 0xB3, 0xA5, 0xA1, 0xB0, 0xAF, 0x20, 0xB8, 0xDE, 0x68, 0xA8, 0x68, 0x85,
        0x91, 0x68, 0x68, 0x68, 0xAA, 0x68, 0x85, 0x8C, 0x68, 0x85, 0x8D, 0xA5, 0x91, 0x48, 0x98, 0x48,
        0xA0, 0x00, 0x8A, 0xF0, 0x1D, 0x60, 0x20, 0xDC, 0xE6, 0x4C, 0x01, 0xE3, 0x20, 0xFD, 0xE5, 0xA2,
        0x00, 0x86, 0x11, 0xA8, 0x60, 0x20, 0xDC, 0xE6, 0xF0, 0x08, 0xA0, 0x00, 0xB1, 0x5E, 0xA8, 0x4C,
		    0x01, 0xE3, 0x4C, 0x99, 0xE1, 0x20, 0xB1, 0x00, 0x20, 0x67, 0xDD, 0x20, 0x08, 0xE1, 0xA6, 0xA0,
        0xD0, 0xF0, 0xA6, 0xA1, 0x4C, 0xB7, 0x00, 0x20, 0xDC, 0xE6, 0xD0, 0x03, 0x4C, 0x4E, 0xE8, 0xA6,
        0xB8, 0xA4, 0xB9, 0x86, 0xAD, 0x84, 0xAE, 0xA6, 0x5E, 0x86, 0xB8, 0x18, 0x65, 0x5E, 0x85, 0x60,
        0xA6, 0x5F, 0x86, 0xB9, 0x90, 0x01, 0xE8, 0x86, 0x61, 0xA0, 0x00, 0xB1, 0x60, 0x48, 0xA9, 0x00,
        0x91, 0x60, 0x20, 0xB7, 0x00, 0x20, 0x4A, 0xEC, 0x68, 0xA0, 0x00, 0x91, 0x60, 0xA6, 0xAD, 0xA4,
        0xAE, 0x86, 0xB8, 0x84, 0xB9, 0x60, 0x20, 0x67, 0xDD, 0x20, 0x52, 0xE7, 0x20, 0xBE, 0xDE, 0x4C,
        0xF8, 0xE6, 0xA5, 0x9D, 0xC9, 0x91, 0xB0, 0x9A, 0x20, 0xF2, 0xEB, 0xA5, 0xA0, 0xA4, 0xA1, 0x84,
        0x50, 0x85, 0x51, 0x60, 0xA5, 0x50, 0x48, 0xA5, 0x51, 0x48, 0x20, 0x52, 0xE7, 0xA0, 0x00, 0xB1,
        0x50, 0xA8, 0x68, 0x85, 0x51, 0x68, 0x85, 0x50, 0x4C, 0x01, 0xE3, 0x20, 0x46, 0xE7, 0x8A, 0xA0,
        0x00, 0x91, 0x50, 0x60, 0x20, 0x46, 0xE7, 0x86, 0x85, 0xA2, 0x00, 0x20, 0xB7, 0x00, 0xF0, 0x03,
        0x20, 0x4C, 0xE7, 0x86, 0x86, 0xA0, 0x00, 0xB1, 0x50, 0x45, 0x86, 0x25, 0x85, 0xF0, 0xF8, 0x60,
        0xA9, 0x64, 0xA0, 0xEE, 0x4C, 0xBE, 0xE7, 0x20, 0xE3, 0xE9, 0xA5, 0xA2, 0x49, 0xFF, 0x85, 0xA2,
        0x45, 0xAA, 0x85, 0xAB, 0xA5, 0x9D, 0x4C, 0xC1, 0xE7, 0x20, 0xF0, 0xE8, 0x90, 0x3C, 0x20, 0xE3,
        0xE9, 0xD0, 0x03, 0x4C, 0x53, 0xEB, 0xA6, 0xAC, 0x86, 0x92, 0xA2, 0xA5, 0xA5, 0xA5, 0xA8, 0xF0,
        0xCE, 0x38, 0xE5, 0x9D, 0xF0, 0x24, 0x90, 0x12, 0x84, 0x9D, 0xA4, 0xAA, 0x84, 0xA2, 0x49, 0xFF,
        0x69, 0x00, 0xA0, 0x00, 0x84, 0x92, 0xA2, 0x9D, 0xD0, 0x04, 0xA0, 0x00, 0x84, 0xAC, 0xC9, 0xF9,
        0x30, 0xC7, 0xA8, 0xA5, 0xAC, 0x56, 0x01, 0x20, 0x07, 0xE9, 0x24, 0xAB, 0x10, 0x57, 0xA0, 0x9D,
        0xE0, 0xA5, 0xF0, 0x02, 0xA0, 0xA5, 0x38, 0x49, 0xFF, 0x65, 0x92, 0x85, 0xAC, 0xB9, 0x04, 0x00,
        0xF5, 0x04, 0x85, 0xA1, 0xB9, 0x03, 0x00, 0xF5, 0x03, 0x85, 0xA0, 0xB9, 0x02, 0x00, 0xF5, 0x02,
        0x85, 0x9F, 0xB9, 0x01, 0x00, 0xF5, 0x01, 0x85, 0x9E, 0xB0, 0x03, 0x20, 0x9E, 0xE8, 0xA0, 0x00,
        0x98, 0x18, 0xA6, 0x9E, 0xD0, 0x4A, 0xA6, 0x9F, 0x86, 0x9E, 0xA6, 0xA0, 0x86, 0x9F, 0xA6, 0xA1,
        0x86, 0xA0, 0xA6, 0xAC, 0x86, 0xA1, 0x84, 0xAC, 0x69, 0x08, 0xC9, 0x20, 0xD0, 0xE4, 0xA9, 0x00,
        0x85, 0x9D, 0x85, 0xA2, 0x60, 0x65, 0x92, 0x85, 0xAC, 0xA5, 0xA1, 0x65, 0xA9, 0x85, 0xA1, 0xA5,
        0xA0, 0x65, 0xA8, 0x85, 0xA0, 0xA5, 0x9F, 0x65, 0xA7, 0x85, 0x9F, 0xA5, 0x9E, 0x65, 0xA6, 0x85,
		    0x9E, 0x4C, 0x8D, 0xE8, 0x69, 0x01, 0x06, 0xAC, 0x26, 0xA1, 0x26, 0xA0, 0x26, 0x9F, 0x26, 0x9E,
        0x10, 0xF2, 0x38, 0xE5, 0x9D, 0xB0, 0xC7, 0x49, 0xFF, 0x69, 0x01, 0x85, 0x9D, 0x90, 0x0E, 0xE6,
        0x9D, 0xF0, 0x42, 0x66, 0x9E, 0x66, 0x9F, 0x66, 0xA0, 0x66, 0xA1, 0x66, 0xAC, 0x60, 0xA5, 0xA2,
        0x49, 0xFF, 0x85, 0xA2, 0xA5, 0x9E, 0x49, 0xFF, 0x85, 0x9E, 0xA5, 0x9F, 0x49, 0xFF, 0x85, 0x9F,
        0xA5, 0xA0, 0x49, 0xFF, 0x85, 0xA0, 0xA5, 0xA1, 0x49, 0xFF, 0x85, 0xA1, 0xA5, 0xAC, 0x49, 0xFF,
        0x85, 0xAC, 0xE6, 0xAC, 0xD0, 0x0E, 0xE6, 0xA1, 0xD0, 0x0A, 0xE6, 0xA0, 0xD0, 0x06, 0xE6, 0x9F,
        0xD0, 0x02, 0xE6, 0x9E, 0x60, 0xA2, 0x45, 0x4C, 0x12, 0xD4, 0xA2, 0x61, 0xB4, 0x04, 0x84, 0xAC,
        0xB4, 0x03, 0x94, 0x04, 0xB4, 0x02, 0x94, 0x03, 0xB4, 0x01, 0x94, 0x02, 0xA4, 0xA4, 0x94, 0x01,
        0x69, 0x08, 0x30, 0xE8, 0xF0, 0xE6, 0xE9, 0x08, 0xA8, 0xA5, 0xAC, 0xB0, 0x14, 0x16, 0x01, 0x90,
        0x02, 0xF6, 0x01, 0x76, 0x01, 0x76, 0x01, 0x76, 0x02, 0x76, 0x03, 0x76, 0x04, 0x6A, 0xC8, 0xD0,
        0xEC, 0x18, 0x60, 0x81, 0x00, 0x00, 0x00, 0x00, 0x03, 0x7F, 0x5E, 0x56, 0xCB, 0x79, 0x80, 0x13,
        0x9B, 0x0B, 0x64, 0x80, 0x76, 0x38, 0x93, 0x16, 0x82, 0x38, 0xAA, 0x3B, 0x20, 0x80, 0x35, 0x04,
        0xF3, 0x34, 0x81, 0x35, 0x04, 0xF3, 0x34, 0x80, 0x80, 0x00, 0x00, 0x00, 0x80, 0x31, 0x72, 0x17,
        0xF8, 0x20, 0x82, 0xEB, 0xF0, 0x02, 0x10, 0x03, 0x4C, 0x99, 0xE1, 0xA5, 0x9D, 0xE9, 0x7F, 0x48,
        0xA9, 0x80, 0x85, 0x9D, 0xA9, 0x2D, 0xA0, 0xE9, 0x20, 0xBE, 0xE7, 0xA9, 0x32, 0xA0, 0xE9, 0x20,
        0x66, 0xEA, 0xA9, 0x13, 0xA0, 0xE9, 0x20, 0xA7, 0xE7, 0xA9, 0x18, 0xA0, 0xE9, 0x20, 0x5C, 0xEF,
        0xA9, 0x37, 0xA0, 0xE9, 0x20, 0xBE, 0xE7, 0x68, 0x20, 0xD5, 0xEC, 0xA9, 0x3C, 0xA0, 0xE9, 0x20,
        0xE3, 0xE9, 0xD0, 0x03, 0x4C, 0xE2, 0xE9, 0x20, 0x0E, 0xEA, 0xA9, 0x00, 0x85, 0x62, 0x85, 0x63,
        0x85, 0x64, 0x85, 0x65, 0xA5, 0xAC, 0x20, 0xB0, 0xE9, 0xA5, 0xA1, 0x20, 0xB0, 0xE9, 0xA5, 0xA0,
        0x20, 0xB0, 0xE9, 0xA5, 0x9F, 0x20, 0xB0, 0xE9, 0xA5, 0x9E, 0x20, 0xB5, 0xE9, 0x4C, 0xE6, 0xEA,
        0xD0, 0x03, 0x4C, 0xDA, 0xE8, 0x4A, 0x09, 0x80, 0xA8, 0x90, 0x19, 0x18, 0xA5, 0x65, 0x65, 0xA9,
        0x85, 0x65, 0xA5, 0x64, 0x65, 0xA8, 0x85, 0x64, 0xA5, 0x63, 0x65, 0xA7, 0x85, 0x63, 0xA5, 0x62,
        0x65, 0xA6, 0x85, 0x62, 0x66, 0x62, 0x66, 0x63, 0x66, 0x64, 0x66, 0x65, 0x66, 0xAC, 0x98, 0x4A,
		    0xD0, 0xD6, 0x60, 0x85, 0x5E, 0x84, 0x5F, 0xA0, 0x04, 0xB1, 0x5E, 0x85, 0xA9, 0x88, 0xB1, 0x5E,
        0x85, 0xA8, 0x88, 0xB1, 0x5E, 0x85, 0xA7, 0x88, 0xB1, 0x5E, 0x85, 0xAA, 0x45, 0xA2, 0x85, 0xAB,
        0xA5, 0xAA, 0x09, 0x80, 0x85, 0xA6, 0x88, 0xB1, 0x5E, 0x85, 0xA5, 0xA5, 0x9D, 0x60, 0xA5, 0xA5,
        0xF0, 0x1F, 0x18, 0x65, 0x9D, 0x90, 0x04, 0x30, 0x1D, 0x18, 0x2C, 0x10, 0x14, 0x69, 0x80, 0x85,
        0x9D, 0xD0, 0x03, 0x4C, 0x52, 0xE8, 0xA5, 0xAB, 0x85, 0xA2, 0x60, 0xA5, 0xA2, 0x49, 0xFF, 0x30,
        0x05, 0x68, 0x68, 0x4C, 0x4E, 0xE8, 0x4C, 0xD5, 0xE8, 0x20, 0x63, 0xEB, 0xAA, 0xF0, 0x10, 0x18,
        0x69, 0x02, 0xB0, 0xF2, 0xA2, 0x00, 0x86, 0xAB, 0x20, 0xCE, 0xE7, 0xE6, 0x9D, 0xF0, 0xE7, 0x60,
        0x84, 0x20, 0x00, 0x00, 0x00, 0x20, 0x63, 0xEB, 0xA9, 0x50, 0xA0, 0xEA, 0xA2, 0x00, 0x86, 0xAB,
        0x20, 0xF9, 0xEA, 0x4C, 0x69, 0xEA, 0x20, 0xE3, 0xE9, 0xF0, 0x76, 0x20, 0x72, 0xEB, 0xA9, 0x00,
        0x38, 0xE5, 0x9D, 0x85, 0x9D, 0x20, 0x0E, 0xEA, 0xE6, 0x9D, 0xF0, 0xBA, 0xA2, 0xFC, 0xA9, 0x01,
        0xA4, 0xA6, 0xC4, 0x9E, 0xD0, 0x10, 0xA4, 0xA7, 0xC4, 0x9F, 0xD0, 0x0A, 0xA4, 0xA8, 0xC4, 0xA0,
        0xD0, 0x04, 0xA4, 0xA9, 0xC4, 0xA1, 0x08, 0x2A, 0x90, 0x09, 0xE8, 0x95, 0x65, 0xF0, 0x32, 0x10,
        0x34, 0xA9, 0x01, 0x28, 0xB0, 0x0E, 0x06, 0xA9, 0x26, 0xA8, 0x26, 0xA7, 0x26, 0xA6, 0xB0, 0xE6,
        0x30, 0xCE, 0x10, 0xE2, 0xA8, 0xA5, 0xA9, 0xE5, 0xA1, 0x85, 0xA9, 0xA5, 0xA8, 0xE5, 0xA0, 0x85,
        0xA8, 0xA5, 0xA7, 0xE5, 0x9F, 0x85, 0xA7, 0xA5, 0xA6, 0xE5, 0x9E, 0x85, 0xA6, 0x98, 0x4C, 0xA6,
        0xEA, 0xA9, 0x40, 0xD0, 0xCE, 0x0A, 0x0A, 0x0A, 0x0A, 0x0A, 0x0A, 0x85, 0xAC, 0x28, 0x4C, 0xE6,
        0xEA, 0xA2, 0x85, 0x4C, 0x12, 0xD4, 0xA5, 0x62, 0x85, 0x9E, 0xA5, 0x63, 0x85, 0x9F, 0xA5, 0x64,
        0x85, 0xA0, 0xA5, 0x65, 0x85, 0xA1, 0x4C, 0x2E, 0xE8, 0x85, 0x5E, 0x84, 0x5F, 0xA0, 0x04, 0xB1,
		    0x5E, 0x85, 0xA1, 0x88, 0xB1, 0x5E, 0x85, 0xA0, 0x88, 0xB1, 0x5E, 0x85, 0x9F, 0x88, 0xB1, 0x5E,
        0x85, 0xA2, 0x09, 0x80, 0x85, 0x9E, 0x88, 0xB1, 0x5E, 0x85, 0x9D, 0x84, 0xAC, 0x60, 0xA2, 0x98,
        0x2C, 0xA2, 0x93, 0xA0, 0x00, 0xF0, 0x04, 0xA6, 0x85, 0xA4, 0x86, 0x20, 0x72, 0xEB, 0x86, 0x5E,
        0x84, 0x5F, 0xA0, 0x04, 0xA5, 0xA1, 0x91, 0x5E, 0x88, 0xA5, 0xA0, 0x91, 0x5E, 0x88, 0xA5, 0x9F,
        0x91, 0x5E, 0x88, 0xA5, 0xA2, 0x09, 0x7F, 0x25, 0x9E, 0x91, 0x5E, 0x88, 0xA5, 0x9D, 0x91, 0x5E,
        0x84, 0xAC, 0x60, 0xA5, 0xAA, 0x85, 0xA2, 0xA2, 0x05, 0xB5, 0xA4, 0x95, 0x9C, 0xCA, 0xD0, 0xF9,
        0x86, 0xAC, 0x60, 0x20, 0x72, 0xEB, 0xA2, 0x06, 0xB5, 0x9C, 0x95, 0xA4, 0xCA, 0xD0, 0xF9, 0x86,
        0xAC, 0x60, 0xA5, 0x9D, 0xF0, 0xFB, 0x06, 0xAC, 0x90, 0xF7, 0x20, 0xC6, 0xE8, 0xD0, 0xF2, 0x4C,
        0x8F, 0xE8, 0xA5, 0x9D, 0xF0, 0x09, 0xA5, 0xA2, 0x2A, 0xA9, 0xFF, 0xB0, 0x02, 0xA9, 0x01, 0x60,
        0x20, 0x82, 0xEB, 0x85, 0x9E, 0xA9, 0x00, 0x85, 0x9F, 0xA2, 0x88, 0xA5, 0x9E, 0x49, 0xFF, 0x2A,
        0xA9, 0x00, 0x85, 0xA1, 0x85, 0xA0, 0x86, 0x9D, 0x85, 0xAC, 0x85, 0xA2, 0x4C, 0x29, 0xE8, 0x46,
        0xA2, 0x60, 0x85, 0x60, 0x84, 0x61, 0xA0, 0x00, 0xB1, 0x60, 0xC8, 0xAA, 0xF0, 0xC4, 0xB1, 0x60,
        0x45, 0xA2, 0x30, 0xC2, 0xE4, 0x9D, 0xD0, 0x21, 0xB1, 0x60, 0x09, 0x80, 0xC5, 0x9E, 0xD0, 0x19,
        0xC8, 0xB1, 0x60, 0xC5, 0x9F, 0xD0, 0x12, 0xC8, 0xB1, 0x60, 0xC5, 0xA0, 0xD0, 0x0B, 0xC8, 0xA9,
        0x7F, 0xC5, 0xAC, 0xB1, 0x60, 0xE5, 0xA1, 0xF0, 0x28, 0xA5, 0xA2, 0x90, 0x02, 0x49, 0xFF, 0x4C,
        0x88, 0xEB, 0xA5, 0x9D, 0xF0, 0x4A, 0x38, 0xE9, 0xA0, 0x24, 0xA2, 0x10, 0x09, 0xAA, 0xA9, 0xFF,
        0x85, 0xA4, 0x20, 0xA4, 0xE8, 0x8A, 0xA2, 0x9D, 0xC9, 0xF9, 0x10, 0x06, 0x20, 0xF0, 0xE8, 0x84,
        0xA4, 0x60, 0xA8, 0xA5, 0xA2, 0x29, 0x80, 0x46, 0x9E, 0x05, 0x9E, 0x85, 0x9E, 0x20, 0x07, 0xE9,
        0x84, 0xA4, 0x60, 0xA5, 0x9D, 0xC9, 0xA0, 0xB0, 0x20, 0x20, 0xF2, 0xEB, 0x84, 0xAC, 0xA5, 0xA2,
        0x84, 0xA2, 0x49, 0x80, 0x2A, 0xA9, 0xA0, 0x85, 0x9D, 0xA5, 0xA1, 0x85, 0x0D, 0x4C, 0x29, 0xE8,
        0x85, 0x9E, 0x85, 0x9F, 0x85, 0xA0, 0x85, 0xA1, 0xA8, 0x60, 0xA0, 0x00, 0xA2, 0x0A, 0x94, 0x99,
        0xCA, 0x10, 0xFB, 0x90, 0x0F, 0xC9, 0x2D, 0xD0, 0x04, 0x86, 0xA3, 0xF0, 0x04, 0xC9, 0x2B, 0xD0,
        0x05, 0x20, 0xB1, 0x00, 0x90, 0x5B, 0xC9, 0x2E, 0xF0, 0x2E, 0xC9, 0x45, 0xD0, 0x30, 0x20, 0xB1,
        0x00, 0x90, 0x17, 0xC9, 0xC9, 0xF0, 0x0E, 0xC9, 0x2D, 0xF0, 0x0A, 0xC9, 0xC8, 0xF0, 0x08, 0xC9,
        0x2B, 0xF0, 0x04, 0xD0, 0x07, 0x66, 0x9C, 0x20, 0xB1, 0x00, 0x90, 0x5C, 0x24, 0x9C, 0x10, 0x0E,
        0xA9, 0x00, 0x38, 0xE5, 0x9A, 0x4C, 0xA0, 0xEC, 0x66, 0x9B, 0x24, 0x9B, 0x50, 0xC3, 0xA5, 0x9A,
        0x38, 0xE5, 0x99, 0x85, 0x9A, 0xF0, 0x12, 0x10, 0x09, 0x20, 0x55, 0xEA, 0xE6, 0x9A, 0xD0, 0xF9,
        0xF0, 0x07, 0x20, 0x39, 0xEA, 0xC6, 0x9A, 0xD0, 0xF9, 0xA5, 0xA3, 0x30, 0x01, 0x60, 0x4C, 0xD0,
        0xEE, 0x48, 0x24, 0x9B, 0x10, 0x02, 0xE6, 0x99, 0x20, 0x39, 0xEA, 0x68, 0x38, 0xE9, 0x30, 0x20,
		    0xD5, 0xEC, 0x4C, 0x61, 0xEC, 0x48, 0x20, 0x63, 0xEB, 0x68, 0x20, 0x93, 0xEB, 0xA5, 0xAA, 0x45,
        0xA2, 0x85, 0xAB, 0xA6, 0x9D, 0x4C, 0xC1, 0xE7, 0xA5, 0x9A, 0xC9, 0x0A, 0x90, 0x09, 0xA9, 0x64,
        0x24, 0x9C, 0x30, 0x11, 0x4C, 0xD5, 0xE8, 0x0A, 0x0A, 0x18, 0x65, 0x9A, 0x0A, 0x18, 0xA0, 0x00,
        0x71, 0xB8, 0x38, 0xE9, 0x30, 0x85, 0x9A, 0x4C, 0x87, 0xEC, 0x9B, 0x3E, 0xBC, 0x1F, 0xFD, 0x9E,
        0x6E, 0x6B, 0x27, 0xFD, 0x9E, 0x6E, 0x6B, 0x28, 0x00, 0xA9, 0x58, 0xA0, 0xD3, 0x20, 0x31, 0xED,
        0xA5, 0x76, 0xA6, 0x75, 0x85, 0x9E, 0x86, 0x9F, 0xA2, 0x90, 0x38, 0x20, 0xA0, 0xEB, 0x20, 0x34,
        0xED, 0x4C, 0x3A, 0xDB, 0xA0, 0x01, 0xA9, 0x2D, 0x88, 0x24, 0xA2, 0x10, 0x04, 0xC8, 0x99, 0xFF,
        0x00, 0x85, 0xA2, 0x84, 0xAD, 0xC8, 0xA9, 0x30, 0xA6, 0x9D, 0xD0, 0x03, 0x4C, 0x57, 0xEE, 0xA9,
        0x00, 0xE0, 0x80, 0xF0, 0x02, 0xB0, 0x09, 0xA9, 0x14, 0xA0, 0xED, 0x20, 0x7F, 0xE9, 0xA9, 0xF7,
        0x85, 0x99, 0xA9, 0x0F, 0xA0, 0xED, 0x20, 0xB2, 0xEB, 0xF0, 0x1E, 0x10, 0x12, 0xA9, 0x0A, 0xA0,
        0xED, 0x20, 0xB2, 0xEB, 0xF0, 0x02, 0x10, 0x0E, 0x20, 0x39, 0xEA, 0xC6, 0x99, 0xD0, 0xEE, 0x20,
        0x55, 0xEA, 0xE6, 0x99, 0xD0, 0xDC, 0x20, 0xA0, 0xE7, 0x20, 0xF2, 0xEB, 0xA2, 0x01, 0xA5, 0x99,
		    0x18, 0x69, 0x0A, 0x30, 0x09, 0xC9, 0x0B, 0xB0, 0x06, 0x69, 0xFF, 0xAA, 0xA9, 0x02, 0x38, 0xE9,
        0x02, 0x85, 0x9A, 0x86, 0x99, 0x8A, 0xF0, 0x02, 0x10, 0x13, 0xA4, 0xAD, 0xA9, 0x2E, 0xC8, 0x99,
        0xFF, 0x00, 0x8A, 0xF0, 0x06, 0xA9, 0x30, 0xC8, 0x99, 0xFF, 0x00, 0x84, 0xAD, 0xA0, 0x00, 0xA2,
        0x80, 0xA5, 0xA1, 0x18, 0x79, 0x6C, 0xEE, 0x85, 0xA1, 0xA5, 0xA0, 0x79, 0x6B, 0xEE, 0x85, 0xA0,
        0xA5, 0x9F, 0x79, 0x6A, 0xEE, 0x85, 0x9F, 0xA5, 0x9E, 0x79, 0x69, 0xEE, 0x85, 0x9E, 0xE8, 0xB0,
        0x04, 0x10, 0xDE, 0x30, 0x02, 0x30, 0xDA, 0x8A, 0x90, 0x04, 0x49, 0xFF, 0x69, 0x0A, 0x69, 0x2F,
        0xC8, 0xC8, 0xC8, 0xC8, 0x84, 0x83, 0xA4, 0xAD, 0xC8, 0xAA, 0x29, 0x7F, 0x99, 0xFF, 0x00, 0xC6,
        0x99, 0xD0, 0x06, 0xA9, 0x2E, 0xC8, 0x99, 0xFF, 0x00, 0x84, 0xAD, 0xA4, 0x83, 0x8A, 0x49, 0xFF,
        0x29, 0x80, 0xAA, 0xC0, 0x24, 0xD0, 0xAA, 0xA4, 0xAD, 0xB9, 0xFF, 0x00, 0x88, 0xC9, 0x30, 0xF0,
        0xF8, 0xC9, 0x2E, 0xF0, 0x01, 0xC8, 0xA9, 0x2B, 0xA6, 0x9A, 0xF0, 0x2E, 0x10, 0x08, 0xA9, 0x00,
        0x38, 0xE5, 0x9A, 0xAA, 0xA9, 0x2D, 0x99, 0x01, 0x01, 0xA9, 0x45, 0x99, 0x00, 0x01, 0x8A, 0xA2,
        0x2F, 0x38, 0xE8, 0xE9, 0x0A, 0xB0, 0xFB, 0x69, 0x3A, 0x99, 0x03, 0x01, 0x8A, 0x99, 0x02, 0x01,
        0xA9, 0x00, 0x99, 0x04, 0x01, 0xF0, 0x08, 0x99, 0xFF, 0x00, 0xA9, 0x00, 0x99, 0x00, 0x01, 0xA9,
        0x00, 0xA0, 0x01, 0x60, 0x80, 0x00, 0x00, 0x00, 0x00, 0xFA, 0x0A, 0x1F, 0x00, 0x00, 0x98, 0x96,
        0x80, 0xFF, 0xF0, 0xBD, 0xC0, 0x00, 0x01, 0x86, 0xA0, 0xFF, 0xFF, 0xD8, 0xF0, 0x00, 0x00, 0x03,
        0xE8, 0xFF, 0xFF, 0xFF, 0x9C, 0x00, 0x00, 0x00, 0x0A, 0xFF, 0xFF, 0xFF, 0xFF, 0x20, 0x63, 0xEB,
        0xA9, 0x64, 0xA0, 0xEE, 0x20, 0xF9, 0xEA, 0xF0, 0x70, 0xA5, 0xA5, 0xD0, 0x03, 0x4C, 0x50, 0xE8,
        0xA2, 0x8A, 0xA0, 0x00, 0x20, 0x2B, 0xEB, 0xA5, 0xAA, 0x10, 0x0F, 0x20, 0x23, 0xEC, 0xA9, 0x8A,
        0xA0, 0x00, 0x20, 0xB2, 0xEB, 0xD0, 0x03, 0x98, 0xA4, 0x0D, 0x20, 0x55, 0xEB, 0x98, 0x48, 0x20,
        0x41, 0xE9, 0xA9, 0x8A, 0xA0, 0x00, 0x20, 0x7F, 0xE9, 0x20, 0x09, 0xEF, 0x68, 0x4A, 0x90, 0x0A,
        0xA5, 0x9D, 0xF0, 0x06, 0xA5, 0xA2, 0x49, 0xFF, 0x85, 0xA2, 0x60, 0x81, 0x38, 0xAA, 0x3B, 0x29,
        0x07, 0x71, 0x34, 0x58, 0x3E, 0x56, 0x74, 0x16, 0x7E, 0xB3, 0x1B, 0x77, 0x2F, 0xEE, 0xE3, 0x85,
        0x7A, 0x1D, 0x84, 0x1C, 0x2A, 0x7C, 0x63, 0x59, 0x58, 0x0A, 0x7E, 0x75, 0xFD, 0xE7, 0xC6, 0x80,
        0x31, 0x72, 0x18, 0x10, 0x81, 0x00, 0x00, 0x00, 0x00, 0xA9, 0xDB, 0xA0, 0xEE, 0x20, 0x7F, 0xE9,
        0xA5, 0xAC, 0x69, 0x50, 0x90, 0x03, 0x20, 0x7A, 0xEB, 0x85, 0x92, 0x20, 0x66, 0xEB, 0xA5, 0x9D,
        0xC9, 0x88, 0x90, 0x03, 0x20, 0x2B, 0xEA, 0x20, 0x23, 0xEC, 0xA5, 0x0D, 0x18, 0x69, 0x81, 0xF0,
        0xF3, 0x38, 0xE9, 0x01, 0x48, 0xA2, 0x05, 0xB5, 0xA5, 0xB4, 0x9D, 0x95, 0x9D, 0x94, 0xA5, 0xCA,
        0x10, 0xF5, 0xA5, 0x92, 0x85, 0xAC, 0x20, 0xAA, 0xE7, 0x20, 0xD0, 0xEE, 0xA9, 0xE0, 0xA0, 0xEE,
        0x20, 0x72, 0xEF, 0xA9, 0x00, 0x85, 0xAB, 0x68, 0x20, 0x10, 0xEA, 0x60, 0x85, 0xAD, 0x84, 0xAE,
        0x20, 0x21, 0xEB, 0xA9, 0x93, 0x20, 0x7F, 0xE9, 0x20, 0x76, 0xEF, 0xA9, 0x93, 0xA0, 0x00, 0x4C,
        0x7F, 0xE9, 0x85, 0xAD, 0x84, 0xAE, 0x20, 0x1E, 0xEB, 0xB1, 0xAD, 0x85, 0xA3, 0xA4, 0xAD, 0xC8,
        0x98, 0xD0, 0x02, 0xE6, 0xAE, 0x85, 0xAD, 0xA4, 0xAE, 0x20, 0x7F, 0xE9, 0xA5, 0xAD, 0xA4, 0xAE,
        0x18, 0x69, 0x05, 0x90, 0x01, 0xC8, 0x85, 0xAD, 0x84, 0xAE, 0x20, 0xBE, 0xE7, 0xA9, 0x98, 0xA0,
        0x00, 0xC6, 0xA3, 0xD0, 0xE4, 0x60, 0x98, 0x35, 0x44, 0x7A, 0x68, 0x28, 0xB1, 0x46, 0x20, 0x82,
        0xEB, 0xAA, 0x30, 0x18, 0xA9, 0xC9, 0xA0, 0x00, 0x20, 0xF9, 0xEA, 0x8A, 0xF0, 0xE7, 0xA9, 0xA6,
		    0xA0, 0xEF, 0x20, 0x7F, 0xE9, 0xA9, 0xAA, 0xA0, 0xEF, 0x20, 0xBE, 0xE7, 0xA6, 0xA1, 0xA5, 0x9E,
        0x85, 0xA1, 0x86, 0x9E, 0xA9, 0x00, 0x85, 0xA2, 0xA5, 0x9D, 0x85, 0xAC, 0xA9, 0x80, 0x85, 0x9D,
        0x20, 0x2E, 0xE8, 0xA2, 0xC9, 0xA0, 0x00, 0x4C, 0x2B, 0xEB, 0xA9, 0x66, 0xA0, 0xF0, 0x20, 0xBE,
        0xE7, 0x20, 0x63, 0xEB, 0xA9, 0x6B, 0xA0, 0xF0, 0xA6, 0xAA, 0x20, 0x5E, 0xEA, 0x20, 0x63, 0xEB,
        0x20, 0x23, 0xEC, 0xA9, 0x00, 0x85, 0xAB, 0x20, 0xAA, 0xE7, 0xA9, 0x70, 0xA0, 0xF0, 0x20, 0xA7,
        0xE7, 0xA5, 0xA2, 0x48, 0x10, 0x0D, 0x20, 0xA0, 0xE7, 0xA5, 0xA2, 0x30, 0x09, 0xA5, 0x16, 0x49,
		    0xFF, 0x85, 0x16, 0x20, 0xD0, 0xEE, 0xA9, 0x70, 0xA0, 0xF0, 0x20, 0xBE, 0xE7, 0x68, 0x10, 0x03,
        0x20, 0xD0, 0xEE, 0xA9, 0x75, 0xA0, 0xF0, 0x4C, 0x5C, 0xEF, 0x20, 0x21, 0xEB, 0xA9, 0x00, 0x85,
        0x16, 0x20, 0xF1, 0xEF, 0xA2, 0x8A, 0xA0, 0x00, 0x20, 0xE7, 0xEF, 0xA9, 0x93, 0xA0, 0x00, 0x20,
        0xF9, 0xEA, 0xA9, 0x00, 0x85, 0xA2, 0xA5, 0x16, 0x20, 0x62, 0xF0, 0xA9, 0x8A, 0xA0, 0x00, 0x4C,
        0x66, 0xEA, 0x48, 0x4C, 0x23, 0xF0, 0x81, 0x49, 0x0F, 0xDA, 0xA2, 0x83, 0x49, 0x0F, 0xDA, 0xA2,
        0x7F, 0x00, 0x00, 0x00, 0x00, 0x05, 0x84, 0xE6, 0x1A, 0x2D, 0x1B, 0x86, 0x28, 0x07, 0xFB, 0xF8,
        0x87, 0x99, 0x68, 0x89, 0x01, 0x87, 0x23, 0x35, 0xDF, 0xE1, 0x86, 0xA5, 0x5D, 0xE7, 0x28, 0x83,
        0x49, 0x0F, 0xDA, 0xA2, 0xA6, 0xD3, 0xC1, 0xC8, 0xD4, 0xC8, 0xD5, 0xC4, 0xCE, 0xCA, 0xA5, 0xA2,
        0x48, 0x10, 0x03, 0x20, 0xD0, 0xEE, 0xA5, 0x9D, 0x48, 0xC9, 0x81, 0x90, 0x07, 0xA9, 0x13, 0xA0,
        0xE9, 0x20, 0x66, 0xEA, 0xA9, 0xCE, 0xA0, 0xF0, 0x20, 0x5C, 0xEF, 0x68, 0xC9, 0x81, 0x90, 0x07,
        0xA9, 0x66, 0xA0, 0xF0, 0x20, 0xA7, 0xE7, 0x68, 0x10, 0x03, 0x4C, 0xD0, 0xEE, 0x60, 0x0B, 0x76,
        0xB3, 0x83, 0xBD, 0xD3, 0x79, 0x1E, 0xF4, 0xA6, 0xF5, 0x7B, 0x83, 0xFC, 0xB0, 0x10, 0x7C, 0x0C,
        0x1F, 0x67, 0xCA, 0x7C, 0xDE, 0x53, 0xCB, 0xC1, 0x7D, 0x14, 0x64, 0x70, 0x4C, 0x7D, 0xB7, 0xEA,
        0x51, 0x7A, 0x7D, 0x63, 0x30, 0x88, 0x7E, 0x7E, 0x92, 0x44, 0x99, 0x3A, 0x7E, 0x4C, 0xCC, 0x91,
        0xC7, 0x7F, 0xAA, 0xAA, 0xAA, 0x13, 0x81, 0x00, 0x00, 0x00, 0x00, 0xE6, 0xB8, 0xD0, 0x02, 0xE6,
        0xB9, 0xAD, 0x60, 0xEA, 0xC9, 0x3A, 0xB0, 0x0A, 0xC9, 0x20, 0xF0, 0xEF, 0x38, 0xE9, 0x30, 0x38,
        0xE9, 0xD0, 0x60, 0x80, 0x4F, 0xC7, 0x52, 0x58, 0xA2, 0xFF, 0x86, 0x76, 0xA2, 0xFB, 0x9A, 0xA9,
        0x28, 0xA0, 0xF1, 0x85, 0x01, 0x84, 0x02, 0x85, 0x04, 0x84, 0x05, 0x20, 0x73, 0xF2, 0xA9, 0x4C,
        0x85, 0x00, 0x85, 0x03, 0x85, 0x90, 0x85, 0x0A, 0xA9, 0x99, 0xA0, 0xE1, 0x85, 0x0B, 0x84, 0x0C,
        0xA2, 0x1C, 0xBD, 0x0A, 0xF1, 0x95, 0xB0, 0x86, 0xF1, 0xCA, 0xD0, 0xF6, 0x86, 0xF2, 0x8A, 0x85,
        0xA4, 0x85, 0x54, 0x48, 0xA9, 0x03, 0x85, 0x8F, 0x20, 0xFB, 0xDA, 0xA9, 0x01, 0x8D, 0xFD, 0x01,
        0x8D, 0xFC, 0x01, 0xA2, 0x55, 0x86, 0x52, 0xA9, 0x00, 0xA0, 0x08, 0x85, 0x50, 0x84, 0x51, 0xA0,
        0x00, 0xE6, 0x51, 0xB1, 0x50, 0x49, 0xFF, 0x91, 0x50, 0xD1, 0x50, 0xD0, 0x08, 0x49, 0xFF, 0x91,
        0x50, 0xD1, 0x50, 0xF0, 0xEC, 0xA4, 0x50, 0xA5, 0x51, 0x29, 0xF0, 0x84, 0x73, 0x85, 0x74, 0x84,
        0x6F, 0x85, 0x70, 0xA2, 0x00, 0xA0, 0x08, 0x86, 0x67, 0x84, 0x68, 0xA0, 0x00, 0x84, 0xD6, 0x98,
        0x91, 0x67, 0xE6, 0x67, 0xD0, 0x02, 0xE6, 0x68, 0xA5, 0x67, 0xA4, 0x68, 0x20, 0xE3, 0xD3, 0x20,
        0x4B, 0xD6, 0xA9, 0x3A, 0xA0, 0xDB, 0x85, 0x04, 0x84, 0x05, 0xA9, 0x3C, 0xA0, 0xD4, 0x85, 0x01,
        0x84, 0x02, 0x6C, 0x01, 0x00, 0x20, 0x67, 0xDD, 0x20, 0x52, 0xE7, 0x6C, 0x50, 0x00, 0x20, 0xF8,
        0xE6, 0x8A, 0x4C, 0x8B, 0xFE, 0x20, 0xF8, 0xE6, 0x8A, 0x4C, 0x95, 0xFE, 0x20, 0xF8, 0xE6, 0xE0,
        0x30, 0xB0, 0x13, 0x86, 0xF0, 0xA9, 0x2C, 0x20, 0xC0, 0xDE, 0x20, 0xF8, 0xE6, 0xE0, 0x30, 0xB0,
        0x05, 0x86, 0x2C, 0x86, 0x2D, 0x60, 0x4C, 0x99, 0xE1, 0x20, 0xEC, 0xF1, 0xE4, 0xF0, 0xB0, 0x08,
        0xA5, 0xF0, 0x85, 0x2C, 0x85, 0x2D, 0x86, 0xF0, 0xA9, 0xC5, 0x20, 0xC0, 0xDE, 0x20, 0xF8, 0xE6,
        0xE0, 0x30, 0xB0, 0xE2, 0x60, 0x20, 0xEC, 0xF1, 0x8A, 0xA4, 0xF0, 0xC0, 0x28, 0xB0, 0xD7, 0x4C,
        0x00, 0xF8, 0x20, 0x09, 0xF2, 0x8A, 0xA4, 0x2C, 0xC0, 0x28, 0xB0, 0xCA, 0xA4, 0xF0, 0x4C, 0x19,
        0xF8, 0x20, 0x09, 0xF2, 0x8A, 0xA8, 0xC0, 0x28, 0xB0, 0xBC, 0xA5, 0xF0, 0x4C, 0x28, 0xF8, 0x20,
        0xF8, 0xE6, 0x8A, 0x4C, 0x64, 0xF8, 0x20, 0xF8, 0xE6, 0xCA, 0x8A, 0xC9, 0x18, 0xB0, 0xA7, 0x4C,
        0x5B, 0xFB, 0x20, 0xF8, 0xE6, 0x8A, 0x49, 0xFF, 0xAA, 0xE8, 0x86, 0xF1, 0x60, 0x38, 0x90, 0x18,
        0x66, 0xF2, 0x60, 0xA9, 0xFF, 0xD0, 0x02, 0xA9, 0x3F, 0xA2, 0x00, 0x85, 0x32, 0x86, 0xF3, 0x60,
        0xA9, 0x7F, 0xA2, 0x40, 0xD0, 0xF5, 0x20, 0x67, 0xDD, 0x20, 0x52, 0xE7, 0xA5, 0x50, 0xC5, 0x6D,
        0xA5, 0x51, 0xE5, 0x6E, 0xB0, 0x03, 0x4C, 0x10, 0xD4, 0xA5, 0x50, 0x85, 0x73, 0x85, 0x6F, 0xA5,
        0x51, 0x85, 0x74, 0x85, 0x70, 0x60, 0x20, 0x67, 0xDD, 0x20, 0x52, 0xE7, 0xA5, 0x50, 0xC5, 0x73,
		    0xA5, 0x51, 0xE5, 0x74, 0xB0, 0xE0, 0xA5, 0x50, 0xC5, 0x69, 0xA5, 0x51, 0xE5, 0x6A, 0x90, 0xD6,
        0xA5, 0x50, 0x85, 0x69, 0xA5, 0x51, 0x85, 0x6A, 0x4C, 0x6C, 0xD6, 0xA9, 0xAB, 0x20, 0xC0, 0xDE,
        0xA5, 0xB8, 0x85, 0xF4, 0xA5, 0xB9, 0x85, 0xF5, 0x38, 0x66, 0xD8, 0xA5, 0x75, 0x85, 0xF6, 0xA5,
        0x76, 0x85, 0xF7, 0x20, 0xA6, 0xD9, 0x4C, 0x98, 0xD9, 0x86, 0xDE, 0xA6, 0xF8, 0x86, 0xDF, 0xA5,
        0x75, 0x85, 0xDA, 0xA5, 0x76, 0x85, 0xDB, 0xA5, 0x79, 0x85, 0xDC, 0xA5, 0x7A, 0x85, 0xDD, 0xA5,
        0xF4, 0x85, 0xB8, 0xA5, 0xF5, 0x85, 0xB9, 0xA5, 0xF6, 0x85, 0x75, 0xA5, 0xF7, 0x85, 0x76, 0x20,
        0xB7, 0x00, 0x20, 0x3E, 0xD9, 0x4C, 0xD2, 0xD7, 0xA5, 0xDA, 0x85, 0x75, 0xA5, 0xDB, 0x85, 0x76,
        0xA5, 0xDC, 0x85, 0xB8, 0xA5, 0xDD, 0x85, 0xB9, 0xA6, 0xDF, 0x9A, 0x4C, 0xD2, 0xD7, 0x4C, 0xC9,
        0xDE, 0xB0, 0xFB, 0xA6, 0xAF, 0x86, 0x69, 0xA6, 0xB0, 0x86, 0x6A, 0x20, 0x0C, 0xDA, 0x20, 0x1A,
        0xD6, 0xA5, 0x9B, 0x85, 0x60, 0xA5, 0x9C, 0x85, 0x61, 0xA9, 0x2C, 0x20, 0xC0, 0xDE, 0x20, 0x0C,
        0xDA, 0xE6, 0x50, 0xD0, 0x02, 0xE6, 0x51, 0x20, 0x1A, 0xD6, 0xA5, 0x9B, 0xC5, 0x60, 0xA5, 0x9C,
        0xE5, 0x61, 0xB0, 0x01, 0x60, 0xA0, 0x00, 0xB1, 0x9B, 0x91, 0x60, 0xE6, 0x9B, 0xD0, 0x02, 0xE6,
        0x9C, 0xE6, 0x60, 0xD0, 0x02, 0xE6, 0x61, 0xA5, 0x69, 0xC5, 0x9B, 0xA5, 0x6A, 0xE5, 0x9C, 0xB0,
        0xE6, 0xA6, 0x61, 0xA4, 0x60, 0xD0, 0x01, 0xCA, 0x88, 0x86, 0x6A, 0x84, 0x69, 0x4C, 0xF2, 0xD4,
        0xAD, 0x56, 0xC0, 0xAD, 0x53, 0xC0, 0x4C, 0x40, 0xFB, 0xAD, 0x54, 0xC0, 0x4C, 0x39, 0xFB, 0x20,
        0xD9, 0xF7, 0xA0, 0x03, 0xB1, 0x9B, 0xAA, 0x88, 0xB1, 0x9B, 0xE9, 0x01, 0xB0, 0x01, 0xCA, 0x85,
        0x50, 0x86, 0x51, 0x20, 0xCD, 0xFE, 0x20, 0xBC, 0xF7, 0x4C, 0xCD, 0xFE, 0x20, 0xD9, 0xF7, 0x20,
        0xFD, 0xFE, 0xA0, 0x02, 0xB1, 0x9B, 0xC5, 0x50, 0xC8, 0xB1, 0x9B, 0xE5, 0x51, 0xB0, 0x03, 0x4C,
        0x10, 0xD4, 0x20, 0xBC, 0xF7, 0x4C, 0xFD, 0xFE, 0x2C, 0x55, 0xC0, 0x2C, 0x52, 0xC0, 0xA9, 0x40,
        0xD0, 0x08, 0xA9, 0x20, 0x2C, 0x54, 0xC0, 0x2C, 0x53, 0xC0, 0x85, 0xE6, 0xAD, 0x57, 0xC0, 0xAD,
        0x50, 0xC0, 0xA9, 0x00, 0x85, 0x1C, 0xA5, 0xE6, 0x85, 0x1B, 0xA0, 0x00, 0x84, 0x1A, 0xA5, 0x1C,
        0x91, 0x1A, 0x20, 0x7E, 0xF4, 0xC8, 0xD0, 0xF6, 0xE6, 0x1B, 0xA5, 0x1B, 0x29, 0x1F, 0xD0, 0xEE,
        0x60, 0x85, 0xE2, 0x86, 0xE0, 0x84, 0xE1, 0x48, 0x29, 0xC0, 0x85, 0x26, 0x4A, 0x4A, 0x05, 0x26,
        0x85, 0x26, 0x68, 0x85, 0x27, 0x0A, 0x0A, 0x0A, 0x26, 0x27, 0x0A, 0x26, 0x27, 0x0A, 0x66, 0x26,
        0xA5, 0x27, 0x29, 0x1F, 0x05, 0xE6, 0x85, 0x27, 0x8A, 0xC0, 0x00, 0xF0, 0x05, 0xA0, 0x23, 0x69,
        0x04, 0xC8, 0xE9, 0x07, 0xB0, 0xFB, 0x84, 0xE5, 0xAA, 0xBD, 0xB9, 0xF4, 0x85, 0x30, 0x98, 0x4A,
        0xA5, 0xE4, 0x85, 0x1C, 0xB0, 0x28, 0x60, 0x20, 0x11, 0xF4, 0xA5, 0x1C, 0x51, 0x26, 0x25, 0x30,
        0x51, 0x26, 0x91, 0x26, 0x60, 0x10, 0x23, 0xA5, 0x30, 0x4A, 0xB0, 0x05, 0x49, 0xC0, 0x85, 0x30,
        0x60, 0x88, 0x10, 0x02, 0xA0, 0x27, 0xA9, 0xC0, 0x85, 0x30, 0x84, 0xE5, 0xA5, 0x1C, 0x0A, 0xC9,
        0xC0, 0x10, 0x06, 0xA5, 0x1C, 0x49, 0x7F, 0x85, 0x1C, 0x60, 0xA5, 0x30, 0x0A, 0x49, 0x80, 0x30,
        0xDD, 0xA9, 0x81, 0xC8, 0xC0, 0x28, 0x90, 0xE0, 0xA0, 0x00, 0xB0, 0xDC, 0x18, 0xA5, 0xD1, 0x29,
        0x04, 0xF0, 0x25, 0xA9, 0x7F, 0x25, 0x30, 0x31, 0x26, 0xD0, 0x19, 0xE6, 0xEA, 0xA9, 0x7F, 0x25,
        0x30, 0x10, 0x11, 0x18, 0xA5, 0xD1, 0x29, 0x04, 0xF0, 0x0E, 0xB1, 0x26, 0x45, 0x1C, 0x25, 0x30,
        0xD0, 0x02, 0xE6, 0xEA, 0x51, 0x26, 0x91, 0x26, 0xA5, 0xD1, 0x65, 0xD3, 0x29, 0x03, 0xC9, 0x02,
        0x6A, 0xB0, 0x92, 0x30, 0x30, 0x18, 0xA5, 0x27, 0x2C, 0xB9, 0xF5, 0xD0, 0x22, 0x06, 0x26, 0xB0,
        0x1A, 0x2C, 0xCD, 0xF4, 0xF0, 0x05, 0x69, 0x1F, 0x38, 0xB0, 0x12, 0x69, 0x23, 0x48, 0xA5, 0x26,
        0x69, 0xB0, 0xB0, 0x02, 0x69, 0xF0, 0x85, 0x26, 0x68, 0xB0, 0x02, 0x69, 0x1F, 0x66, 0x26, 0x69,
        0xFC, 0x85, 0x27, 0x60, 0x18, 0xA5, 0x27, 0x69, 0x04, 0x2C, 0xB9, 0xF5, 0xD0, 0xF3, 0x06, 0x26,
        0x90, 0x18, 0x69, 0xE0, 0x18, 0x2C, 0x08, 0xF5, 0xF0, 0x12, 0xA5, 0x26, 0x69, 0x50, 0x49, 0xF0,
        0xF0, 0x02, 0x49, 0xF0, 0x85, 0x26, 0xA5, 0xE6, 0x90, 0x02, 0x69, 0xE0, 0x66, 0x26, 0x90, 0xD1,
        0x48, 0xA9, 0x00, 0x85, 0xE0, 0x85, 0xE1, 0x85, 0xE2, 0x68, 0x48, 0x38, 0xE5, 0xE0, 0x48, 0x8A,
		    0xE5, 0xE1, 0x85, 0xD3, 0xB0, 0x0A, 0x68, 0x49, 0xFF, 0x69, 0x01, 0x48, 0xA9, 0x00, 0xE5, 0xD3,
        0x85, 0xD1, 0x85, 0xD5, 0x68, 0x85, 0xD0, 0x85, 0xD4, 0x68, 0x85, 0xE0, 0x86, 0xE1, 0x98, 0x18,
        0xE5, 0xE2, 0x90, 0x04, 0x49, 0xFF, 0x69, 0xFE, 0x85, 0xD2, 0x84, 0xE2, 0x66, 0xD3, 0x38, 0xE5,
        0xD0, 0xAA, 0xA9, 0xFF, 0xE5, 0xD1, 0x85, 0x1D, 0xA4, 0xE5, 0xB0, 0x05, 0x0A, 0x20, 0x65, 0xF4,
        0x38, 0xA5, 0xD4, 0x65, 0xD2, 0x85, 0xD4, 0xA5, 0xD5, 0xE9, 0x00, 0x85, 0xD5, 0xB1, 0x26, 0x45,
        0x1C, 0x25, 0x30, 0x51, 0x26, 0x91, 0x26, 0xE8, 0xD0, 0x04, 0xE6, 0x1D, 0xF0, 0x62, 0xA5, 0xD3,
		    0xB0, 0xDA, 0x20, 0xD3, 0xF4, 0x18, 0xA5, 0xD4, 0x65, 0xD0, 0x85, 0xD4, 0xA5, 0xD5, 0x65, 0xD1,
        0x50, 0xD9, 0x81, 0x82, 0x84, 0x88, 0x90, 0xA0, 0xC0, 0x1C, 0xFF, 0xFE, 0xFA, 0xF4, 0xEC, 0xE1,
        0xD4, 0xC5, 0xB4, 0xA1, 0x8D, 0x78, 0x61, 0x49, 0x31, 0x18, 0xFF, 0xA5, 0x26, 0x0A, 0xA5, 0x27,
        0x29, 0x03, 0x2A, 0x05, 0x26, 0x0A, 0x0A, 0x0A, 0x85, 0xE2, 0xA5, 0x27, 0x4A, 0x4A, 0x29, 0x07,
        0x05, 0xE2, 0x85, 0xE2, 0xA5, 0xE5, 0x0A, 0x65, 0xE5, 0x0A, 0xAA, 0xCA, 0xA5, 0x30, 0x29, 0x7F,
        0xE8, 0x4A, 0xD0, 0xFC, 0x85, 0xE1, 0x8A, 0x18, 0x65, 0xE5, 0x90, 0x02, 0xE6, 0xE1, 0x85, 0xE0,
        0x60, 0x86, 0x1A, 0x84, 0x1B, 0xAA, 0x4A, 0x4A, 0x4A, 0x4A, 0x85, 0xD3, 0x8A, 0x29, 0x0F, 0xAA,
        0xBC, 0xBA, 0xF5, 0x84, 0xD0, 0x49, 0x0F, 0xAA, 0xBC, 0xBB, 0xF5, 0xC8, 0x84, 0xD2, 0xA4, 0xE5,
        0xA2, 0x00, 0x86, 0xEA, 0xA1, 0x1A, 0x85, 0xD1, 0xA2, 0x80, 0x86, 0xD4, 0x86, 0xD5, 0xA6, 0xE7,
        0xA5, 0xD4, 0x38, 0x65, 0xD0, 0x85, 0xD4, 0x90, 0x04, 0x20, 0xB3, 0xF4, 0x18, 0xA5, 0xD5, 0x65,
        0xD2, 0x85, 0xD5, 0x90, 0x03, 0x20, 0xB4, 0xF4, 0xCA, 0xD0, 0xE5, 0xA5, 0xD1, 0x4A, 0x4A, 0x4A,
        0xD0, 0xD4, 0xE6, 0x1A, 0xD0, 0x02, 0xE6, 0x1B, 0xA1, 0x1A, 0xD0, 0xCA, 0x60, 0x86, 0x1A, 0x84,
        0x1B, 0xAA, 0x4A, 0x4A, 0x4A, 0x4A, 0x85, 0xD3, 0x8A, 0x29, 0x0F, 0xAA, 0xBC, 0xBA, 0xF5, 0x84,
        0xD0, 0x49, 0x0F, 0xAA, 0xBC, 0xBB, 0xF5, 0xC8, 0x84, 0xD2, 0xA4, 0xE5, 0xA2, 0x00, 0x86, 0xEA,
        0xA1, 0x1A, 0x85, 0xD1, 0xA2, 0x80, 0x86, 0xD4, 0x86, 0xD5, 0xA6, 0xE7, 0xA5, 0xD4, 0x38, 0x65,
        0xD0, 0x85, 0xD4, 0x90, 0x04, 0x20, 0x9C, 0xF4, 0x18, 0xA5, 0xD5, 0x65, 0xD2, 0x85, 0xD5, 0x90,
        0x03, 0x20, 0x9D, 0xF4, 0xCA, 0xD0, 0xE5, 0xA5, 0xD1, 0x4A, 0x4A, 0x4A, 0xD0, 0xD4, 0xE6, 0x1A,
        0xD0, 0x02, 0xE6, 0x1B, 0xA1, 0x1A, 0xD0, 0xCA, 0x60, 0x20, 0x67, 0xDD, 0x20, 0x52, 0xE7, 0xA4,
        0x51, 0xA6, 0x50, 0xC0, 0x01, 0x90, 0x06, 0xD0, 0x1D, 0xE0, 0x18, 0xB0, 0x19, 0x8A, 0x48, 0x98,
        0x48, 0xA9, 0x2C, 0x20, 0xC0, 0xDE, 0x20, 0xF8, 0xE6, 0xE0, 0xC0, 0xB0, 0x09, 0x86, 0x9D, 0x68,
        0xA8, 0x68, 0xAA, 0xA5, 0x9D, 0x60, 0x4C, 0x06, 0xF2, 0x20, 0xF8, 0xE6, 0xE0, 0x08, 0xB0, 0xF6,
        0xBD, 0xF6, 0xF6, 0x85, 0xE4, 0x60, 0x00, 0x2A, 0x55, 0x7F, 0x80, 0xAA, 0xD5, 0xFF, 0xC9, 0xC1,
        0xF0, 0x0D, 0x20, 0xB9, 0xF6, 0x20, 0x57, 0xF4, 0x20, 0xB7, 0x00, 0xC9, 0xC1, 0xD0, 0xE6, 0x20,
        0xC0, 0xDE, 0x20, 0xB9, 0xF6, 0x84, 0x9D, 0xA8, 0x8A, 0xA6, 0x9D, 0x20, 0x3A, 0xF5, 0x4C, 0x08,
        0xF7, 0x20, 0xF8, 0xE6, 0x86, 0xF9, 0x60, 0x20, 0xF8, 0xE6, 0x86, 0xE7, 0x60, 0x20, 0xF8, 0xE6,
        0xA5, 0xE8, 0x85, 0x1A, 0xA5, 0xE9, 0x85, 0x1B, 0x8A, 0xA2, 0x00, 0xC1, 0x1A, 0xF0, 0x02, 0xB0,
        0xA5, 0x0A, 0x90, 0x03, 0xE6, 0x1B, 0x18, 0xA8, 0xB1, 0x1A, 0x65, 0x1A, 0xAA, 0xC8, 0xB1, 0x1A,
        0x65, 0xE9, 0x85, 0x1B, 0x86, 0x1A, 0x20, 0xB7, 0x00, 0xC9, 0xC5, 0xD0, 0x09, 0x20, 0xC0, 0xDE,
        0x20, 0xB9, 0xF6, 0x20, 0x11, 0xF4, 0xA5, 0xF9, 0x60, 0x20, 0x2D, 0xF7, 0x4C, 0x05, 0xF6, 0x20,
        0x2D, 0xF7, 0x4C, 0x61, 0xF6, 0xA9, 0x00, 0x85, 0x3D, 0x85, 0x3F, 0xA0, 0x50, 0x84, 0x3C, 0xC8,
        0x84, 0x3E, 0x20, 0xFD, 0xFE, 0x18, 0xA5, 0x73, 0xAA, 0xCA, 0x86, 0x3E, 0xE5, 0x50, 0x48, 0xA5,
        0x74, 0xA8, 0xE8, 0xD0, 0x01, 0x88, 0x84, 0x3F, 0xE5, 0x51, 0xC5, 0x6E, 0x90, 0x02, 0xD0, 0x03,
        0x4C, 0x10, 0xD4, 0x85, 0x74, 0x85, 0x70, 0x85, 0x3D, 0x85, 0xE9, 0x68, 0x85, 0xE8, 0x85, 0x73,
        0x85, 0x6F, 0x85, 0x3C, 0x20, 0xFA, 0xFC, 0xA9, 0x03, 0x4C, 0x02, 0xFF, 0x18, 0xA5, 0x9B, 0x65,
        0x50, 0x85, 0x3E, 0xA5, 0x9C, 0x65, 0x51, 0x85, 0x3F, 0xA0, 0x04, 0xB1, 0x9B, 0x20, 0xEF, 0xE0,
		    0xA5, 0x94, 0x85, 0x3C, 0xA5, 0x95, 0x85, 0x3D, 0x60, 0xA9, 0x40, 0x85, 0x14, 0x20, 0xE3, 0xDF,
        0xA9, 0x00, 0x85, 0x14, 0x4C, 0xF0, 0xD8, 0x20, 0xF8, 0xE6, 0xCA, 0x8A, 0xC9, 0x28, 0x90, 0x0A,
        0xE9, 0x28, 0x48, 0x20, 0xFB, 0xDA, 0x68, 0x4C, 0xEC, 0xF7, 0x85, 0x24, 0x60, 0xCB, 0xD2, 0xD7,
        0x4A, 0x08, 0x20, 0x47, 0xF8, 0x28, 0xA9, 0x0F, 0x90, 0x02, 0x69, 0xE0, 0x85, 0x2E, 0xB1, 0x26,
        0x45, 0x30, 0x25, 0x2E, 0x51, 0x26, 0x91, 0x26, 0x60, 0x20, 0x00, 0xF8, 0xC4, 0x2C, 0xB0, 0x11,
        0xC8, 0x20, 0x0E, 0xF8, 0x90, 0xF6, 0x69, 0x01, 0x48, 0x20, 0x00, 0xF8, 0x68, 0xC5, 0x2D, 0x90,
        0xF5, 0x60, 0xA0, 0x2F, 0xD0, 0x02, 0xA0, 0x27, 0x84, 0x2D, 0xA0, 0x27, 0xA9, 0x00, 0x85, 0x30,
        0x20, 0x28, 0xF8, 0x88, 0x10, 0xF6, 0x60, 0x48, 0x4A, 0x29, 0x03, 0x09, 0x04, 0x85, 0x27, 0x68,
        0x29, 0x18, 0x90, 0x02, 0x69, 0x7F, 0x85, 0x26, 0x0A, 0x0A, 0x05, 0x26, 0x85, 0x26, 0x60, 0xA5,
        0x30, 0x18, 0x69, 0x03, 0x29, 0x0F, 0x85, 0x30, 0x0A, 0x0A, 0x0A, 0x0A, 0x05, 0x30, 0x85, 0x30,
        0x60, 0x4A, 0x08, 0x20, 0x47, 0xF8, 0xB1, 0x26, 0x28, 0x90, 0x04, 0x4A, 0x4A, 0x4A, 0x4A, 0x29,
        0x0F, 0x60, 0xA6, 0x3A, 0xA4, 0x3B, 0x20, 0x96, 0xFD, 0x20, 0x48, 0xF9, 0xA1, 0x3A, 0xA8, 0x4A,
		    0x90, 0x09, 0x6A, 0xB0, 0x10, 0xC9, 0xA2, 0xF0, 0x0C, 0x29, 0x87, 0x4A, 0xAA, 0xBD, 0x62, 0xF9,
        0x20, 0x79, 0xF8, 0xD0, 0x04, 0xA0, 0x80, 0xA9, 0x00, 0xAA, 0xBD, 0xA6, 0xF9, 0x85, 0x2E, 0x29,
        0x03, 0x85, 0x2F, 0x98, 0x29, 0x8F, 0xAA, 0x98, 0xA0, 0x03, 0xE0, 0x8A, 0xF0, 0x0B, 0x4A, 0x90,
        0x08, 0x4A, 0x4A, 0x09, 0x20, 0x88, 0xD0, 0xFA, 0xC8, 0x88, 0xD0, 0xF2, 0x60, 0xFF, 0xFF, 0xFF,
        0x20, 0x82, 0xF8, 0x48, 0xB1, 0x3A, 0x20, 0xDA, 0xFD, 0xA2, 0x01, 0x20, 0x4A, 0xF9, 0xC4, 0x2F,
        0xC8, 0x90, 0xF1, 0xA2, 0x03, 0xC0, 0x04, 0x90, 0xF2, 0x68, 0xA8, 0xB9, 0xC0, 0xF9, 0x85, 0x2C,
        0xB9, 0x00, 0xFA, 0x85, 0x2D, 0xA9, 0x00, 0xA0, 0x05, 0x06, 0x2D, 0x26, 0x2C, 0x2A, 0x88, 0xD0,
        0xF8, 0x69, 0xBF, 0x20, 0xED, 0xFD, 0xCA, 0xD0, 0xEC, 0x20, 0x48, 0xF9, 0xA4, 0x2F, 0xA2, 0x06,
        0xE0, 0x03, 0xF0, 0x1C, 0x06, 0x2E, 0x90, 0x0E, 0xBD, 0xB3, 0xF9, 0x20, 0xED, 0xFD, 0xBD, 0xB9,
        0xF9, 0xF0, 0x03, 0x20, 0xED, 0xFD, 0xCA, 0xD0, 0xE7, 0x60, 0x88, 0x30, 0xE7, 0x20, 0xDA, 0xFD,
        0xA5, 0x2E, 0xC9, 0xE8, 0xB1, 0x3A, 0x90, 0xF2, 0x20, 0x56, 0xF9, 0xAA, 0xE8, 0xD0, 0x01, 0xC8,
        0x98, 0x20, 0xDA, 0xFD, 0x8A, 0x4C, 0xDA, 0xFD, 0xA2, 0x03, 0xA9, 0xA0, 0x20, 0xED, 0xFD, 0xCA,
        0xD0, 0xF8, 0x60, 0x38, 0xA5, 0x2F, 0xA4, 0x3B, 0xAA, 0x10, 0x01, 0x88, 0x65, 0x3A, 0x90, 0x01,
        0xC8, 0x60, 0x04, 0x20, 0x54, 0x30, 0x0D, 0x80, 0x04, 0x90, 0x03, 0x22, 0x54, 0x33, 0x0D, 0x80,
        0x04, 0x90, 0x04, 0x20, 0x54, 0x33, 0x0D, 0x80, 0x04, 0x90, 0x04, 0x20, 0x54, 0x3B, 0x0D, 0x80,
        0x04, 0x90, 0x00, 0x22, 0x44, 0x33, 0x0D, 0xC8, 0x44, 0x00, 0x11, 0x22, 0x44, 0x33, 0x0D, 0xC8,
        0x44, 0xA9, 0x01, 0x22, 0x44, 0x33, 0x0D, 0x80, 0x04, 0x90, 0x01, 0x22, 0x44, 0x33, 0x0D, 0x80,
        0x04, 0x90, 0x26, 0x31, 0x87, 0x9A, 0x00, 0x21, 0x81, 0x82, 0x00, 0x00, 0x59, 0x4D, 0x91, 0x92,
        0x86, 0x4A, 0x85, 0x9D, 0xAC, 0xA9, 0xAC, 0xA3, 0xA8, 0xA4, 0xD9, 0x00, 0xD8, 0xA4, 0xA4, 0x00,
        0x1C, 0x8A, 0x1C, 0x23, 0x5D, 0x8B, 0x1B, 0xA1, 0x9D, 0x8A, 0x1D, 0x23, 0x9D, 0x8B, 0x1D, 0xA1,
        0x00, 0x29, 0x19, 0xAE, 0x69, 0xA8, 0x19, 0x23, 0x24, 0x53, 0x1B, 0x23, 0x24, 0x53, 0x19, 0xA1,
        0x00, 0x1A, 0x5B, 0x5B, 0xA5, 0x69, 0x24, 0x24, 0xAE, 0xAE, 0xA8, 0xAD, 0x29, 0x00, 0x7C, 0x00,
        0x15, 0x9C, 0x6D, 0x9C, 0xA5, 0x69, 0x29, 0x53, 0x84, 0x13, 0x34, 0x11, 0xA5, 0x69, 0x23, 0xA0,
        0xD8, 0x62, 0x5A, 0x48, 0x26, 0x62, 0x94, 0x88, 0x54, 0x44, 0xC8, 0x54, 0x68, 0x44, 0xE8, 0x94,
        0x00, 0xB4, 0x08, 0x84, 0x74, 0xB4, 0x28, 0x6E, 0x74, 0xF4, 0xCC, 0x4A, 0x72, 0xF2, 0xA4, 0x8A,
        0x00, 0xAA, 0xA2, 0xA2, 0x74, 0x74, 0x74, 0x72, 0x44, 0x68, 0xB2, 0x32, 0xB2, 0x00, 0x22, 0x00,
        0x1A, 0x1A, 0x26, 0x26, 0x72, 0x72, 0x88, 0xC8, 0xC4, 0xCA, 0x26, 0x48, 0x44, 0x44, 0xA2, 0xC8,
        0x85, 0x45, 0x68, 0x48, 0x0A, 0x0A, 0x0A, 0x30, 0x03, 0x6C, 0xFE, 0x03, 0x28, 0x20, 0x4C, 0xFF,
        0x68, 0x85, 0x3A, 0x68, 0x85, 0x3B, 0x6C, 0xF0, 0x03, 0x20, 0x82, 0xF8, 0x20, 0xDA, 0xFA, 0x4C,
		    0x65, 0xFF, 0xD8, 0x20, 0x84, 0xFE, 0x20, 0x2F, 0xFB, 0x20, 0x93, 0xFE, 0x20, 0x89, 0xFE, 0xAD,
        0x58, 0xC0, 0xAD, 0x5A, 0xC0, 0xAD, 0x5D, 0xC0, 0xAD, 0x5F, 0xC0, 0xAD, 0xFF, 0xCF, 0x2C, 0x10,
        0xC0, 0xD8, 0x20, 0x3A, 0xFF, 0xAD, 0xF3, 0x03, 0x49, 0xA5, 0xCD, 0xF4, 0x03, 0xD0, 0x17, 0xAD,
        0xF2, 0x03, 0xD0, 0x0F, 0xA9, 0xE0, 0xCD, 0xF3, 0x03, 0xD0, 0x08, 0xA0, 0x03, 0x8C, 0xF2, 0x03,
        0x4C, 0x00, 0xE0, 0x6C, 0xF2, 0x03, 0x20, 0x60, 0xFB, 0xA2, 0x05, 0xBD, 0xFC, 0xFA, 0x9D, 0xEF,
        0x03, 0xCA, 0xD0, 0xF7, 0xA9, 0xC8, 0x86, 0x00, 0x85, 0x01, 0xA0, 0x07, 0xC6, 0x01, 0xA5, 0x01,
        0xC9, 0xC0, 0xF0, 0xD7, 0x8D, 0xF8, 0x07, 0xB1, 0x00, 0xD9, 0x01, 0xFB, 0xD0, 0xEC, 0x88, 0x88,
        0x10, 0xF5, 0x6C, 0x00, 0x00, 0xEA, 0xEA, 0x20, 0x8E, 0xFD, 0xA9, 0x45, 0x85, 0x40, 0xA9, 0x00,
        0x85, 0x41, 0xA2, 0xFB, 0xA9, 0xA0, 0x20, 0xED, 0xFD, 0xBD, 0x1E, 0xFA, 0x20, 0xED, 0xFD, 0xA9,
        0xBD, 0x20, 0xED, 0xFD, 0xB5, 0x4A, 0x20, 0xDA, 0xFD, 0xE8, 0x30, 0xE8, 0x60, 0x59, 0xFA, 0x00,
        0xE0, 0x45, 0x20, 0xFF, 0x00, 0xFF, 0x03, 0xFF, 0x3C, 0xC1, 0xD0, 0xD0, 0xCC, 0xC5, 0xA0, 0xDD,
        0xDB, 0xC4, 0xC2, 0xC1, 0xFF, 0xC3, 0xFF, 0xFF, 0xFF, 0xC1, 0xD8, 0xD9, 0xD0, 0xD3, 0xAD, 0x70,
        0xC0, 0xA0, 0x00, 0xEA, 0xEA, 0xBD, 0x64, 0xC0, 0x10, 0x04, 0xC8, 0xD0, 0xF8, 0x88, 0x60, 0xA9,
        0x00, 0x85, 0x48, 0xAD, 0x56, 0xC0, 0xAD, 0x54, 0xC0, 0xAD, 0x51, 0xC0, 0xA9, 0x00, 0xF0, 0x0B,
        0xAD, 0x50, 0xC0, 0xAD, 0x53, 0xC0, 0x20, 0x36, 0xF8, 0xA9, 0x14, 0x85, 0x22, 0xA9, 0x00, 0x85,
        0x20, 0xA9, 0x28, 0x85, 0x21, 0xA9, 0x18, 0x85, 0x23, 0xA9, 0x17, 0x85, 0x25, 0x4C, 0x22, 0xFC,
        0x20, 0x58, 0xFC, 0xA0, 0x08, 0xB9, 0x08, 0xFB, 0x99, 0x0E, 0x04, 0x88, 0xD0, 0xF7, 0x60, 0xAD,
        0xF3, 0x03, 0x49, 0xA5, 0x8D, 0xF4, 0x03, 0x60, 0xC9, 0x8D, 0xD0, 0x18, 0xAC, 0x00, 0xC0, 0x10,
		    0x13, 0xC0, 0x93, 0xD0, 0x0F, 0x2C, 0x10, 0xC0, 0xAC, 0x00, 0xC0, 0x10, 0xFB, 0xC0, 0x83, 0xF0,
        0x03, 0x2C, 0x10, 0xC0, 0x4C, 0xFD, 0xFB, 0x38, 0x4C, 0x2C, 0xFC, 0xA8, 0xB9, 0x48, 0xFA, 0x20,
        0x97, 0xFB, 0x20, 0x0C, 0xFD, 0xC9, 0xCE, 0xB0, 0xEE, 0xC9, 0xC9, 0x90, 0xEA, 0xC9, 0xCC, 0xF0,
        0xE6, 0xD0, 0xE8, 0xEA, 0xEA, 0xEA, 0xEA, 0xEA, 0xEA, 0xEA, 0xEA, 0xEA, 0xEA, 0xEA, 0xEA, 0xEA,
        0xEA, 0x48, 0x4A, 0x29, 0x03, 0x09, 0x04, 0x85, 0x29, 0x68, 0x29, 0x18, 0x90, 0x02, 0x69, 0x7F,
        0x85, 0x28, 0x0A, 0x0A, 0x05, 0x28, 0x85, 0x28, 0x60, 0xC9, 0x87, 0xD0, 0x12, 0xA9, 0x40, 0x20,
        0xA8, 0xFC, 0xA0, 0xC0, 0xA9, 0x0C, 0x20, 0xA8, 0xFC, 0xAD, 0x30, 0xC0, 0x88, 0xD0, 0xF5, 0x60,
        0xA4, 0x24, 0x91, 0x28, 0xE6, 0x24, 0xA5, 0x24, 0xC5, 0x21, 0xB0, 0x66, 0x60, 0xC9, 0xA0, 0xB0,
        0xEF, 0xA8, 0x10, 0xEC, 0xC9, 0x8D, 0xF0, 0x5A, 0xC9, 0x8A, 0xF0, 0x5A, 0xC9, 0x88, 0xD0, 0xC9,
        0xC6, 0x24, 0x10, 0xE8, 0xA5, 0x21, 0x85, 0x24, 0xC6, 0x24, 0xA5, 0x22, 0xC5, 0x25, 0xB0, 0x0B,
        0xC6, 0x25, 0xA5, 0x25, 0x20, 0xC1, 0xFB, 0x65, 0x20, 0x85, 0x28, 0x60, 0x49, 0xC0, 0xF0, 0x28,
        0x69, 0xFD, 0x90, 0xC0, 0xF0, 0xDA, 0x69, 0xFD, 0x90, 0x2C, 0xF0, 0xDE, 0x69, 0xFD, 0x90, 0x5C,
        0xD0, 0xE9, 0xA4, 0x24, 0xA5, 0x25, 0x48, 0x20, 0x24, 0xFC, 0x20, 0x9E, 0xFC, 0xA0, 0x00, 0x68,
        0x69, 0x00, 0xC5, 0x23, 0x90, 0xF0, 0xB0, 0xCA, 0xA5, 0x22, 0x85, 0x25, 0xA0, 0x00, 0x84, 0x24,
        0xF0, 0xE4, 0xA9, 0x00, 0x85, 0x24, 0xE6, 0x25, 0xA5, 0x25, 0xC5, 0x23, 0x90, 0xB6, 0xC6, 0x25,
        0xA5, 0x22, 0x48, 0x20, 0x24, 0xFC, 0xA5, 0x28, 0x85, 0x2A, 0xA5, 0x29, 0x85, 0x2B, 0xA4, 0x21,
        0x88, 0x68, 0x69, 0x01, 0xC5, 0x23, 0xB0, 0x0D, 0x48, 0x20, 0x24, 0xFC, 0xB1, 0x28, 0x91, 0x2A,
        0x88, 0x10, 0xF9, 0x30, 0xE1, 0xA0, 0x00, 0x20, 0x9E, 0xFC, 0xB0, 0x86, 0xA4, 0x24, 0xA9, 0xA0,
        0x91, 0x28, 0xC8, 0xC4, 0x21, 0x90, 0xF9, 0x60, 0x38, 0x48, 0xE9, 0x01, 0xD0, 0xFC, 0x68, 0xE9,
        0x01, 0xD0, 0xF6, 0x60, 0xE6, 0x42, 0xD0, 0x02, 0xE6, 0x43, 0xA5, 0x3C, 0xC5, 0x3E, 0xA5, 0x3D,
        0xE5, 0x3F, 0xE6, 0x3C, 0xD0, 0x02, 0xE6, 0x3D, 0x60, 0xA0, 0x4B, 0x20, 0xDB, 0xFC, 0xD0, 0xF9,
        0x69, 0xFE, 0xB0, 0xF5, 0xA0, 0x21, 0x20, 0xDB, 0xFC, 0xC8, 0xC8, 0x88, 0xD0, 0xFD, 0x90, 0x05,
        0xA0, 0x32, 0x88, 0xD0, 0xFD, 0xAC, 0x20, 0xC0, 0xA0, 0x2C, 0xCA, 0x60, 0xA2, 0x08, 0x48, 0x20,
		    0xFA, 0xFC, 0x68, 0x2A, 0xA0, 0x3A, 0xCA, 0xD0, 0xF5, 0x60, 0x20, 0xFD, 0xFC, 0x88, 0xAD, 0x60,
        0xC0, 0x45, 0x2F, 0x10, 0xF8, 0x45, 0x2F, 0x85, 0x2F, 0xC0, 0x80, 0x60, 0xA4, 0x24, 0xB1, 0x28,
        0x48, 0x29, 0x3F, 0x09, 0x40, 0x91, 0x28, 0x68, 0x6C, 0x38, 0x00, 0xE6, 0x4E, 0xD0, 0x02, 0xE6,
        0x4F, 0x2C, 0x00, 0xC0, 0x10, 0xF5, 0x91, 0x28, 0xAD, 0x00, 0xC0, 0x2C, 0x10, 0xC0, 0x60, 0x20,
        0x0C, 0xFD, 0x20, 0xA5, 0xFB, 0x20, 0x0C, 0xFD, 0xC9, 0x9B, 0xF0, 0xF3, 0x60, 0xA5, 0x32, 0x48,
        0xA9, 0xFF, 0x85, 0x32, 0xBD, 0x00, 0x02, 0x20, 0xED, 0xFD, 0x68, 0x85, 0x32, 0xBD, 0x00, 0x02,
        0xC9, 0x88, 0xF0, 0x1D, 0xC9, 0x98, 0xF0, 0x0A, 0xE0, 0xF8, 0x90, 0x03, 0x20, 0x3A, 0xFF, 0xE8,
        0xD0, 0x13, 0xA9, 0xDC, 0x20, 0xED, 0xFD, 0x20, 0x8E, 0xFD, 0xA5, 0x33, 0x20, 0xED, 0xFD, 0xA2,
        0x01, 0x8A, 0xF0, 0xF3, 0xCA, 0x20, 0x35, 0xFD, 0xC9, 0x95, 0xD0, 0x02, 0xB1, 0x28, 0xC9, 0xE0,
        0x90, 0x02, 0x29, 0xDF, 0x9D, 0x00, 0x02, 0xC9, 0x8D, 0xD0, 0xB2, 0x20, 0x9C, 0xFC, 0xA9, 0x8D,
        0xD0, 0x5B, 0xA4, 0x3D, 0xA6, 0x3C, 0x20, 0x8E, 0xFD, 0x20, 0x40, 0xF9, 0xA0, 0x00, 0xA9, 0xAD,
        0x4C, 0xED, 0xFD, 0xA5, 0x3C, 0x09, 0x07, 0x85, 0x3E, 0xA5, 0x3D, 0x85, 0x3F, 0xA5, 0x3C, 0x29,
        0x07, 0xD0, 0x03, 0x20, 0x92, 0xFD, 0xA9, 0xA0, 0x20, 0xED, 0xFD, 0xB1, 0x3C, 0x20, 0xDA, 0xFD,
        0x20, 0xBA, 0xFC, 0x90, 0xE8, 0x60, 0x4A, 0x90, 0xEA, 0x4A, 0x4A, 0xA5, 0x3E, 0x90, 0x02, 0x49,
        0xFF, 0x65, 0x3C, 0x48, 0xA9, 0xBD, 0x20, 0xED, 0xFD, 0x68, 0x48, 0x4A, 0x4A, 0x4A, 0x4A, 0x20,
        0xE5, 0xFD, 0x68, 0x29, 0x0F, 0x09, 0xB0, 0xC9, 0xBA, 0x90, 0x02, 0x69, 0x06, 0x6C, 0x36, 0x00,
        0xC9, 0xA0, 0x90, 0x02, 0x25, 0x32, 0x84, 0x35, 0x48, 0x20, 0x78, 0xFB, 0x68, 0xA4, 0x35, 0x60,
        0xC6, 0x34, 0xF0, 0x9F, 0xCA, 0xD0, 0x16, 0xC9, 0xBA, 0xD0, 0xBB, 0x85, 0x31, 0xA5, 0x3E, 0x91,
        0x40, 0xE6, 0x40, 0xD0, 0x02, 0xE6, 0x41, 0x60, 0xA4, 0x34, 0xB9, 0xFF, 0x01, 0x85, 0x31, 0x60,
        0xA2, 0x01, 0xB5, 0x3E, 0x95, 0x42, 0x95, 0x44, 0xCA, 0x10, 0xF7, 0x60, 0xB1, 0x3C, 0x91, 0x42,
        0x20, 0xB4, 0xFC, 0x90, 0xF7, 0x60, 0xB1, 0x3C, 0xD1, 0x42, 0xF0, 0x1C, 0x20, 0x92, 0xFD, 0xB1,
        0x3C, 0x20, 0xDA, 0xFD, 0xA9, 0xA0, 0x20, 0xED, 0xFD, 0xA9, 0xA8, 0x20, 0xED, 0xFD, 0xB1, 0x42,
        0x20, 0xDA, 0xFD, 0xA9, 0xA9, 0x20, 0xED, 0xFD, 0x20, 0xB4, 0xFC, 0x90, 0xD9, 0x60, 0x20, 0x75,
        0xFE, 0xA9, 0x14, 0x48, 0x20, 0xD0, 0xF8, 0x20, 0x53, 0xF9, 0x85, 0x3A, 0x84, 0x3B, 0x68, 0x38,
		    0xE9, 0x01, 0xD0, 0xEF, 0x60, 0x8A, 0xF0, 0x07, 0xB5, 0x3C, 0x95, 0x3A, 0xCA, 0x10, 0xF9, 0x60,
        0xA0, 0x3F, 0xD0, 0x02, 0xA0, 0xFF, 0x84, 0x32, 0x60, 0xA9, 0x00, 0x85, 0x3E, 0xA2, 0x38, 0xA0,
        0x1B, 0xD0, 0x08, 0xA9, 0x00, 0x85, 0x3E, 0xA2, 0x36, 0xA0, 0xF0, 0xA5, 0x3E, 0x29, 0x0F, 0xF0,
        0x06, 0x09, 0xC0, 0xA0, 0x00, 0xF0, 0x02, 0xA9, 0xFD, 0x94, 0x00, 0x95, 0x01, 0x60, 0xEA, 0xEA,
        0x4C, 0x00, 0xE0, 0x4C, 0x03, 0xE0, 0x20, 0x75, 0xFE, 0x20, 0x3F, 0xFF, 0x6C, 0x3A, 0x00, 0x4C,
        0xD7, 0xFA, 0x60, 0xEA, 0x60, 0xEA, 0xEA, 0xEA, 0xEA, 0xEA, 0x4C, 0xF8, 0x03, 0xA9, 0x40, 0x20,
        0xC9, 0xFC, 0xA0, 0x27, 0xA2, 0x00, 0x41, 0x3C, 0x48, 0xA1, 0x3C, 0x20, 0xED, 0xFE, 0x20, 0xBA,
        0xFC, 0xA0, 0x1D, 0x68, 0x90, 0xEE, 0xA0, 0x22, 0x20, 0xED, 0xFE, 0xF0, 0x4D, 0xA2, 0x10, 0x0A,
        0x20, 0xD6, 0xFC, 0xD0, 0xFA, 0x60, 0x20, 0x00, 0xFE, 0x68, 0x68, 0xD0, 0x6C, 0x20, 0xFA, 0xFC,
        0xA9, 0x16, 0x20, 0xC9, 0xFC, 0x85, 0x2E, 0x20, 0xFA, 0xFC, 0xA0, 0x24, 0x20, 0xFD, 0xFC, 0xB0,
        0xF9, 0x20, 0xFD, 0xFC, 0xA0, 0x3B, 0x20, 0xEC, 0xFC, 0x81, 0x3C, 0x45, 0x2E, 0x85, 0x2E, 0x20,
        0xBA, 0xFC, 0xA0, 0x35, 0x90, 0xF0, 0x20, 0xEC, 0xFC, 0xC5, 0x2E, 0xF0, 0x0D, 0xA9, 0xC5, 0x20,
		    0xED, 0xFD, 0xA9, 0xD2, 0x20, 0xED, 0xFD, 0x20, 0xED, 0xFD, 0xA9, 0x87, 0x4C, 0xED, 0xFD, 0xA5,
        0x48, 0x48, 0xA5, 0x45, 0xA6, 0x46, 0xA4, 0x47, 0x28, 0x60, 0x85, 0x45, 0x86, 0x46, 0x84, 0x47,
        0x08, 0x68, 0x85, 0x48, 0xBA, 0x86, 0x49, 0xD8, 0x60, 0x20, 0x84, 0xFE, 0x20, 0x2F, 0xFB, 0x20,
        0x93, 0xFE, 0x20, 0x89, 0xFE, 0xD8, 0x20, 0x3A, 0xFF, 0xA9, 0xAA, 0x85, 0x33, 0x20, 0x67, 0xFD,
        0x20, 0xC7, 0xFF, 0x20, 0xA7, 0xFF, 0x84, 0x34, 0xA0, 0x17, 0x88, 0x30, 0xE8, 0xD9, 0xCC, 0xFF,
		    0xD0, 0xF8, 0x20, 0xBE, 0xFF, 0xA4, 0x34, 0x4C, 0x73, 0xFF, 0xA2, 0x03, 0x0A, 0x0A, 0x0A, 0x0A,
        0x0A, 0x26, 0x3E, 0x26, 0x3F, 0xCA, 0x10, 0xF8, 0xA5, 0x31, 0xD0, 0x06, 0xB5, 0x3F, 0x95, 0x3D,
        0x95, 0x41, 0xE8, 0xF0, 0xF3, 0xD0, 0x06, 0xA2, 0x00, 0x86, 0x3E, 0x86, 0x3F, 0xB9, 0x00, 0x02,
        0xC8, 0x49, 0xB0, 0xC9, 0x0A, 0x90, 0xD3, 0x69, 0x88, 0xC9, 0xFA, 0xB0, 0xCD, 0x60, 0xA9, 0xFE,
        0x48, 0xB9, 0xE3, 0xFF, 0x48, 0xA5, 0x31, 0xA0, 0x00, 0x84, 0x31, 0x60, 0xBC, 0xB2, 0xBE, 0xB2,
        0xEF, 0xC4, 0xB2, 0xA9, 0xBB, 0xA6, 0xA4, 0x06, 0x95, 0x07, 0x02, 0x05, 0xF0, 0x00, 0xEB, 0x93,
        0xA7, 0xC6, 0x99, 0xB2, 0xC9, 0xBE, 0xC1, 0x35, 0x8C, 0xC4, 0x96, 0xAF, 0x17, 0x17, 0x2B, 0x1F,
        0x83, 0x7F, 0x5D, 0xCC, 0xB5, 0xFC, 0x17, 0x17, 0xF5, 0x03, 0xFB, 0x03, 0x62, 0xFA, 0x59, 0xFF
};

unsigned char memlcramr;                /* read LC RAM or ROM?                                  */
unsigned char memlcramw;                /* write LC RAM or ROM?                                 */
unsigned char memlcbank2;               /* read from LC bank 1 or LC bank 2                     */
static bool memlcprewrite;               /* first odd-switch access arms LC writes               */
static bool iie80Store;
static bool iieRamReadAux;
static bool iieRamWriteAux;
static bool iieIntCxROM;
static bool iieAltZeroPage;
static bool iieSlotC3ROM;
static bool iieInternalC8ROM;
bool iie80Column;
bool iieAltCharset;
bool iieDoubleHires;

static bool IIeUseAuxiliaryRAM(unsigned short address, bool writing);

#if ENABLE_CPU_TRACE
static const unsigned short MEMORY_PROVENANCE_FIRST = MEMORY_DIAGNOSTIC_FIRST;
static const unsigned short MEMORY_PROVENANCE_LAST = MEMORY_DIAGNOSTIC_LAST;
static const unsigned int MEMORY_PROVENANCE_BYTES =
  MEMORY_PROVENANCE_LAST - MEMORY_PROVENANCE_FIRST + 1;
static const unsigned int MEMORY_PROVENANCE_BANKS =
  MEMORY_PROVENANCE_FIRST >= 0xD000 ? 4 : 2;
static const unsigned short MEMORY_SOURCE_FIRST = MEMORY_DIAGNOSTIC_SOURCE_FIRST;
static const unsigned short MEMORY_SOURCE_LAST = MEMORY_DIAGNOSTIC_SOURCE_LAST;
static const unsigned int MEMORY_SOURCE_BYTES =
  MEMORY_SOURCE_LAST - MEMORY_SOURCE_FIRST + 1;
static const unsigned int MEMORY_SOURCE_BANKS = 2;
static const unsigned short COPY_SOURCE_FIRST = 0x58D0;
static const unsigned short COPY_SOURCE_LAST = 0x58F8;
static const unsigned int COPY_SOURCE_BYTES =
  COPY_SOURCE_LAST - COPY_SOURCE_FIRST + 1;

enum LCSourceKind : uint8_t {
  LC_SOURCE_UNKNOWN = 0,
  LC_SOURCE_IMMEDIATE,
  LC_SOURCE_MEMORY,
  LC_SOURCE_REGISTER,
  LC_SOURCE_GENERATED
};

// Four independent tables prevent later activity in one LC bank from
// displacing the writes which populated another. The target range is small
// enough to retain first and latest provenance for every byte until reset.
struct __attribute__((packed)) LCByteProvenance {
  uint64_t firstCycle;
  uint64_t latestCycle;
  uint16_t firstPC;
  uint16_t latestPC;
  uint16_t firstSourceAddress;
  uint16_t writeCount;
  uint16_t firstPreviousPC;
  uint16_t firstPreviousArgument;
  uint8_t firstOldValue;
  uint8_t firstNewValue;
  uint8_t latestOldValue;
  uint8_t latestNewValue;
  uint8_t latestOpcode;
  uint8_t firstFlags;
  uint8_t firstOpcode;
  uint8_t firstA;
  uint8_t firstX;
  uint8_t firstY;
  uint8_t firstPreviousOpcode;
  uint8_t firstSourceKind;
};

struct LCWriterContext {
  bool valid;
  uint8_t bankIndex;
  uint16_t writerPC;
  uint16_t targetAddress;
  uint8_t opcode;
  uint8_t value;
  uint8_t a;
  uint8_t x;
  uint8_t y;
  uint16_t recentPC[16];
  uint8_t recentOpcode[16];
  uint16_t recentArgument[16];
};

struct __attribute__((packed)) MemoryControlFlowEntry {
  uint64_t cycles;
  uint16_t pc;
  uint16_t effectiveAddress;
  uint16_t nextPC;
  uint16_t target;
  uint16_t fallThrough;
  uint8_t opcode;
  uint8_t a;
  uint8_t x;
  uint8_t y;
  uint8_t sp;
  uint8_t sr;
  uint8_t kind;
  uint8_t taken;
};

struct __attribute__((packed)) MemoryLightHistoryEntry {
  uint16_t pc;
  uint16_t effectiveAddress;
  uint16_t nextPC;
  uint8_t opcode;
  uint8_t sr;
};

struct __attribute__((packed)) CopySourceSnapshotEntry {
  uint64_t writerCycle;
  uint16_t writerPC;
  uint8_t value;
  uint8_t bankIndex;
  uint8_t writeCountKnown;
};

static LCByteProvenance * LCProvenance = NULL;
static LCByteProvenance * SourceProvenance = NULL;
static CopySourceSnapshotEntry * CopySourceBefore = NULL;
static bool CopySourceBeforeCaptured = false;
static uint64_t CopySourceReadCycle = 0;
static uint16_t CopySourceReaderPC = 0;
static const unsigned int LC_WRITER_CONTEXTS = 8;
static LCWriterContext * LCWriterContexts = NULL;
static const unsigned int MEMORY_LIGHT_HISTORY_SIZE = 64;
static MemoryLightHistoryEntry * MemoryLightHistory = NULL;
static unsigned int MemoryLightHistoryCount = 0;
static unsigned int MemoryLightHistoryNext = 0;
static const unsigned int MEMORY_CONTROL_FLOW_SIZE = 256;
static MemoryControlFlowEntry * MemoryControlFlow = NULL;
static unsigned int MemoryControlFlowCount = 0;
static unsigned int MemoryControlFlowNext = 0;
static bool MemoryDiagnosticCaptured = false;
static bool MemoryDetailedFlowDumped = false;

static bool EnsureIIeProvenanceDiagnosticsStorage() {
  size_t provenanceBytes = sizeof(LCByteProvenance) *
                           MEMORY_PROVENANCE_BANKS * MEMORY_PROVENANCE_BYTES;
  size_t sourceProvenanceBytes = sizeof(LCByteProvenance) *
                                 MEMORY_SOURCE_BANKS * MEMORY_SOURCE_BYTES;
  if (!LCProvenance) {
    LCProvenance = (LCByteProvenance *) heap_caps_malloc(
      provenanceBytes, MALLOC_CAP_INTERNAL | MALLOC_CAP_8BIT);
    if (LCProvenance)
      memset(LCProvenance, 0,
             sizeof(LCByteProvenance) * MEMORY_PROVENANCE_BANKS *
             MEMORY_PROVENANCE_BYTES);
  }
  if (!SourceProvenance) {
    SourceProvenance = (LCByteProvenance *) heap_caps_malloc(
      sourceProvenanceBytes, MALLOC_CAP_INTERNAL | MALLOC_CAP_8BIT);
    if (SourceProvenance)
      memset(SourceProvenance, 0, sourceProvenanceBytes);
  }
  if (!CopySourceBefore) {
    CopySourceBefore = (CopySourceSnapshotEntry *) heap_caps_malloc(
      sizeof(CopySourceSnapshotEntry) * COPY_SOURCE_BYTES,
      MALLOC_CAP_INTERNAL | MALLOC_CAP_8BIT);
    if (CopySourceBefore)
      memset(CopySourceBefore, 0,
             sizeof(CopySourceSnapshotEntry) * COPY_SOURCE_BYTES);
  }
  if (!LCWriterContexts) {
    LCWriterContexts = (LCWriterContext *) heap_caps_malloc(
      sizeof(LCWriterContext) * LC_WRITER_CONTEXTS,
      MALLOC_CAP_INTERNAL | MALLOC_CAP_8BIT);
    if (LCWriterContexts)
      memset(LCWriterContexts, 0,
             sizeof(LCWriterContext) * LC_WRITER_CONTEXTS);
  }
  if (!MemoryControlFlow) {
    MemoryControlFlow = (MemoryControlFlowEntry *) heap_caps_malloc(
      sizeof(MemoryControlFlowEntry) * MEMORY_CONTROL_FLOW_SIZE,
      MALLOC_CAP_INTERNAL | MALLOC_CAP_8BIT);
    if (MemoryControlFlow)
      memset(MemoryControlFlow, 0,
             sizeof(MemoryControlFlowEntry) * MEMORY_CONTROL_FLOW_SIZE);
  }
  if (!MemoryLightHistory) {
    MemoryLightHistory = (MemoryLightHistoryEntry *) heap_caps_malloc(
      sizeof(MemoryLightHistoryEntry) * MEMORY_LIGHT_HISTORY_SIZE,
      MALLOC_CAP_INTERNAL | MALLOC_CAP_8BIT);
    if (MemoryLightHistory)
      memset(MemoryLightHistory, 0,
             sizeof(MemoryLightHistoryEntry) * MEMORY_LIGHT_HISTORY_SIZE);
  }
  return LCProvenance != NULL && SourceProvenance != NULL &&
         CopySourceBefore != NULL && LCWriterContexts != NULL &&
         MemoryControlFlow != NULL && MemoryLightHistory != NULL;
}

void InitializeMemoryProvenanceDiagnostics() {
  bool ready = EnsureIIeProvenanceDiagnosticsStorage();
  size_t requested = sizeof(LCByteProvenance) * MEMORY_PROVENANCE_BANKS *
                     MEMORY_PROVENANCE_BYTES +
                     sizeof(LCByteProvenance) * MEMORY_SOURCE_BANKS *
                     MEMORY_SOURCE_BYTES +
                     sizeof(CopySourceSnapshotEntry) * COPY_SOURCE_BYTES +
                     sizeof(LCWriterContext) * LC_WRITER_CONTEXTS +
                     sizeof(MemoryControlFlowEntry) * MEMORY_CONTROL_FLOW_SIZE +
                     sizeof(MemoryLightHistoryEntry) * MEMORY_LIGHT_HISTORY_SIZE;
  if (ready) {
    DEBUG_PRINTF("[LC-PROV] storage ready bytes=%u allocator=internal-8bit "
                 "location=%p flow=%p freeHeap=%u maxAlloc=%u "
                 "freePSRAM=%u largestPSRAM=%u\n",
                 (unsigned) requested, LCProvenance, MemoryControlFlow,
                 ESP.getFreeHeap(), ESP.getMaxAllocHeap(),
                 (unsigned) heap_caps_get_free_size(MALLOC_CAP_SPIRAM),
                 (unsigned) heap_caps_get_largest_free_block(MALLOC_CAP_SPIRAM));
  } else {
    DEBUG_PRINTF("[LC-PROV] storage allocation FAILED requested=%u "
                 "allocator=heap_caps_malloc(INTERNAL|8BIT) provenance=%p "
                 "source=%p contexts=%p flow=%p freeHeap=%u maxAlloc=%u "
                 "freePSRAM=%u largestPSRAM=%u\n",
                 (unsigned) requested, LCProvenance, SourceProvenance,
                 LCWriterContexts,
                 MemoryControlFlow, ESP.getFreeHeap(), ESP.getMaxAllocHeap(),
                 (unsigned) heap_caps_get_free_size(MALLOC_CAP_SPIRAM),
                 (unsigned) heap_caps_get_largest_free_block(MALLOC_CAP_SPIRAM));
  }
  DEBUG_PRINTF("[MEM-DIAG] bounds=%04X-%04X sourceWatch=%04X-%04X "
               "trigger=%04X-%04X lightweight=1 recent=%u detailedAfterTrigger=%u\n",
               MEMORY_PROVENANCE_FIRST, MEMORY_PROVENANCE_LAST,
               MEMORY_SOURCE_FIRST, MEMORY_SOURCE_LAST,
               MEMORY_DIAGNOSTIC_TRIGGER_FIRST,
               MEMORY_DIAGNOSTIC_TRIGGER_LAST,
               MEMORY_LIGHT_HISTORY_SIZE, MEMORY_CONTROL_FLOW_SIZE);
}

static void ResetIIeProvenanceDiagnostics() {
  EnsureIIeProvenanceDiagnosticsStorage();
  if (LCProvenance)
    memset(LCProvenance, 0,
           sizeof(LCByteProvenance) * MEMORY_PROVENANCE_BANKS *
           MEMORY_PROVENANCE_BYTES);
  if (SourceProvenance)
    memset(SourceProvenance, 0,
           sizeof(LCByteProvenance) * MEMORY_SOURCE_BANKS *
           MEMORY_SOURCE_BYTES);
  if (CopySourceBefore)
    memset(CopySourceBefore, 0,
           sizeof(CopySourceSnapshotEntry) * COPY_SOURCE_BYTES);
  CopySourceBeforeCaptured = false;
  CopySourceReadCycle = 0;
  CopySourceReaderPC = 0;
  if (LCWriterContexts)
    memset(LCWriterContexts, 0,
           sizeof(LCWriterContext) * LC_WRITER_CONTEXTS);
  if (MemoryControlFlow)
    memset(MemoryControlFlow, 0,
           sizeof(MemoryControlFlowEntry) * MEMORY_CONTROL_FLOW_SIZE);
  if (MemoryLightHistory)
    memset(MemoryLightHistory, 0,
           sizeof(MemoryLightHistoryEntry) * MEMORY_LIGHT_HISTORY_SIZE);
  MemoryLightHistoryCount = 0;
  MemoryLightHistoryNext = 0;
  MemoryControlFlowCount = 0;
  MemoryControlFlowNext = 0;
  MemoryDiagnosticCaptured = false;
  MemoryDetailedFlowDumped = false;
}

static LCByteProvenance * LCProvenanceEntry(unsigned int bankIndex,
                                             unsigned short address) {
  if (address >= MEMORY_PROVENANCE_FIRST &&
      address <= MEMORY_PROVENANCE_LAST) {
    if (!LCProvenance || bankIndex >= MEMORY_PROVENANCE_BANKS) return NULL;
    return &LCProvenance[bankIndex * MEMORY_PROVENANCE_BYTES +
                         address - MEMORY_PROVENANCE_FIRST];
  }
  if (address >= MEMORY_SOURCE_FIRST && address <= MEMORY_SOURCE_LAST) {
    if (!SourceProvenance || bankIndex >= MEMORY_SOURCE_BANKS) return NULL;
    return &SourceProvenance[bankIndex * MEMORY_SOURCE_BYTES +
                             address - MEMORY_SOURCE_FIRST];
  }
  return NULL;
}

static unsigned int MemoryProvenanceBankIndex(unsigned short address,
                                               bool writing) {
  if (address < 0xD000)
    return IIeUseAuxiliaryRAM(address, writing) ? 1U : 0U;
  return (iieAltZeroPage ? 2U : 0U) + (memlcbank2 ? 1U : 0U);
}

static const char * MemoryProvenanceBankName(unsigned int bankIndex) {
  static const char * const ramNames[2] = { "main-ram", "aux-ram" };
  static const char * const lcNames[4] = {
    "main-lc-bank1", "main-lc-bank2", "aux-lc-bank1", "aux-lc-bank2"
  };
  if (bankIndex >= MEMORY_PROVENANCE_BANKS) return "unknown-bank";
  return MEMORY_PROVENANCE_FIRST >= 0xD000 ? lcNames[bankIndex]
                                            : ramNames[bankIndex];
}

static const char * MemoryProvenanceBankNameForAddress(
  unsigned int bankIndex, unsigned short address) {
  if (address < 0xD000) {
    static const char * const ramNames[2] = { "main-ram", "aux-ram" };
    return bankIndex < 2 ? ramNames[bankIndex] : "unknown-ram";
  }
  return MemoryProvenanceBankName(bankIndex);
}

static const char * LCSourceKindName(unsigned int sourceKind) {
  switch (sourceKind) {
    case LC_SOURCE_IMMEDIATE: return "immediate";
    case LC_SOURCE_MEMORY: return "memory";
    case LC_SOURCE_REGISTER: return "register";
    case LC_SOURCE_GENERATED: return "generated";
    default: return "unknown";
  }
}

static bool IsAccumulatorLoad(unsigned char op) {
  switch (op) {
    case 0xA1: case 0xA5: case 0xA9: case 0xAD:
    case 0xB1: case 0xB5: case 0xB9: case 0xBD:
      return true;
  }
  return false;
}

static bool IsAccumulatorStore(unsigned char op) {
  switch (op) {
    case 0x81: case 0x85: case 0x8D: case 0x91:
    case 0x95: case 0x99: case 0x9D:
      return true;
  }
  return false;
}

static void CaptureLCWriterContext(unsigned int bankIndex,
                                   unsigned short address,
                                   unsigned char value) {
  if (address < MEMORY_DIAGNOSTIC_TRIGGER_FIRST ||
      address > MEMORY_DIAGNOSTIC_TRIGGER_LAST)
    return;
  if (!LCWriterContexts)
    return;
  for (unsigned int i = 0; i < LC_WRITER_CONTEXTS; i++) {
    if (LCWriterContexts[i].valid &&
        LCWriterContexts[i].bankIndex == bankIndex &&
        LCWriterContexts[i].writerPC == CPUInstructionStartPC)
      return;
  }
  LCWriterContext * context = NULL;
  for (unsigned int i = 0; i < LC_WRITER_CONTEXTS; i++) {
    if (!LCWriterContexts[i].valid) {
      context = &LCWriterContexts[i];
      break;
    }
  }
  if (!context)
    return;
  context->valid = true;
  context->bankIndex = bankIndex;
  context->writerPC = CPUInstructionStartPC;
  context->targetAddress = address;
  context->opcode = opcode;
  context->value = value;
  context->a = A;
  context->x = X;
  context->y = Y;
  for (unsigned int offset = 0; offset < 16; offset++) {
    unsigned char historyIndex = (CPURecentIndex + offset) & 0x0F;
    context->recentPC[offset] = CPURecentPC[historyIndex];
    context->recentOpcode[offset] = CPURecentOpcode[historyIndex];
    context->recentArgument[offset] = CPURecentArgument[historyIndex];
  }
}

static void RecordLCWrite(unsigned short address, unsigned char oldValue,
                          unsigned char newValue) {
  bool destination = address >= MEMORY_PROVENANCE_FIRST &&
                     address <= MEMORY_PROVENANCE_LAST;
  bool source = address >= MEMORY_SOURCE_FIRST &&
                address <= MEMORY_SOURCE_LAST;
  if (!destination && !source)
    return;
  // Validation harnesses can bypass normal post-startup initialization, so
  // retain a guarded allocation fallback on the first relevant LC write.
  if (!EnsureIIeProvenanceDiagnosticsStorage())
    return;
  unsigned int bankIndex = MemoryProvenanceBankIndex(address, true);
  LCByteProvenance * entry = LCProvenanceEntry(bankIndex, address);
  if (!entry)
    return;
  uint8_t flags = (memlcramr ? 0x01 : 0) |
                  (memlcramw ? 0x02 : 0) |
                  (iieRamReadAux ? 0x04 : 0) |
                  (iieRamWriteAux ? 0x08 : 0) |
                  (iieAltZeroPage ? 0x10 : 0);
  if (!entry->writeCount) {
    unsigned char previousIndex = (CPURecentIndex + 15) & 0x0F;
    unsigned char previousOpcode = CPURecentOpcode[previousIndex];
    unsigned short previousArgument = CPURecentArgument[previousIndex];
    entry->firstCycle = TotalCycles;
    entry->firstPC = CPUInstructionStartPC;
    entry->firstOldValue = oldValue;
    entry->firstNewValue = newValue;
    entry->firstFlags = flags;
    entry->firstOpcode = opcode;
    entry->firstA = A;
    entry->firstX = X;
    entry->firstY = Y;
    entry->firstPreviousPC = CPURecentPC[previousIndex];
    entry->firstPreviousOpcode = previousOpcode;
    entry->firstPreviousArgument = previousArgument;
    entry->firstSourceAddress = 0xFFFF;
    entry->firstSourceKind = LC_SOURCE_UNKNOWN;
    if (IsAccumulatorStore(opcode)) {
      entry->firstSourceKind = LC_SOURCE_REGISTER;
      if (IsAccumulatorLoad(previousOpcode) && A == newValue) {
        if (previousOpcode == 0xA9) {
          entry->firstSourceKind = LC_SOURCE_IMMEDIATE;
          entry->firstSourceAddress = CPURecentPC[previousIndex] + 1;
        } else {
          entry->firstSourceKind = LC_SOURCE_MEMORY;
          entry->firstSourceAddress = previousArgument;
        }
      }
    } else if (opcode == 0x86 || opcode == 0x8E || opcode == 0x96 ||
               opcode == 0x84 || opcode == 0x8C || opcode == 0x94) {
      entry->firstSourceKind = LC_SOURCE_REGISTER;
    } else {
      entry->firstSourceKind = LC_SOURCE_GENERATED;
    }
    CaptureLCWriterContext(bankIndex, address, newValue);
  }
  if (entry->writeCount != 0xFFFF)
    entry->writeCount++;
  entry->latestCycle = TotalCycles;
  entry->latestPC = CPUInstructionStartPC;
  entry->latestOldValue = oldValue;
  entry->latestNewValue = newValue;
  entry->latestOpcode = opcode;
}
#else
static void ResetIIeProvenanceDiagnostics() {}
void InitializeMemoryProvenanceDiagnostics() {}
#endif

bool IIe80StoreEnabled() {
  return IsIIeMode() && iie80Store;
}

void ResetIIeSoftSwitches() {
  iie80Store = false;
  iieRamReadAux = false;
  iieRamWriteAux = false;
  iieIntCxROM = false;
  iieAltZeroPage = false;
  iieSlotC3ROM = false;
  iieInternalC8ROM = false;
  iie80Column = false;
  iieAltCharset = false;
  iieDoubleHires = false;
}

void ResetMemorySoftSwitches() {
  // Power-on state: motherboard ROM visible and language-card writes locked.
  // This must happen before reading the reset vector for a newly selected game.
  memlcramr = 0;
  memlcramw = 0;
  memlcbank2 = 0;
  memlcprewrite = false;
  ResetIIeSoftSwitches();
  ResetIIeProvenanceDiagnostics();
}
int k=0;
static uint64_t paddleResetCycle = 0;

static unsigned int LanguageCardIndex(unsigned short address) {
  // A 16K language card has two independent 4K banks at $D000-$DFFF and
  // one shared 8K region at $E000-$FFFF.
  if (address < 0xE000)
    return (memlcbank2 ? 0x1000 : 0x0000) + (address - 0xD000);
  return 0x2000 + (address - 0xE000);
}

static bool IIeUseAuxiliaryRAM(unsigned short address, bool writing) {
  if (!IsIIeMode() || !AUXRAM)
    return false;
  if (address < 0x0200)
    return iieAltZeroPage;
  bool auxiliary = writing ? iieRamWriteAux : iieRamReadAux;
  if (iie80Store && address >= 0x0400 && address < 0x0800)
    auxiliary = (gm & PG2) != 0;
  if (iie80Store && (gm & HRG) && address >= 0x2000 && address < 0x4000)
    auxiliary = (gm & PG2) != 0;
  return auxiliary;
}

static unsigned char IIeStatus(bool enabled) {
  return (enabled ? 0x80 : 0x00) | (k & 0x7f);
}

void PrintIIeMemoryDiagnostic(unsigned short address) {
#if ENABLE_CPU_TRACE
  unsigned char visibleLow = read8(address);
  unsigned char visibleHigh = read8(address + 1);
  unsigned char mainLow = 0, mainHigh = 0, auxLow = 0, auxHigh = 0;
  if (address < 0xBFFF) {
    mainLow = RAM[address];
    mainHigh = RAM[address + 1];
    if (AUXRAM) {
      auxLow = AUXRAM[address];
      auxHigh = AUXRAM[address + 1];
    }
  } else if (address >= 0xD000 && address < 0xFFFF) {
    unsigned int lowIndex = LanguageCardIndex(address);
    unsigned int highIndex = LanguageCardIndex(address + 1);
    mainLow = RAMEXT[lowIndex];
    mainHigh = RAMEXT[highIndex];
    if (AUXRAMEXT) {
      auxLow = AUXRAMEXT[lowIndex];
      auxHigh = AUXRAMEXT[highIndex];
    }
  }
  DEBUG_PRINTF("[CPU-MEM] pointer=%04X visible=%02X%02X main=%02X%02X aux=%02X%02X LCRAMR=%u LCRAMW=%u LCBANK2=%u RAMRD=%u RAMWRT=%u ALTZP=%u 80STORE=%u PAGE2=%u HIRES=%u\n",
               address, visibleHigh, visibleLow, mainHigh, mainLow,
               auxHigh, auxLow, (unsigned) (memlcramr != 0),
               (unsigned) (memlcramw != 0), (unsigned) (memlcbank2 != 0),
               (unsigned) iieRamReadAux, (unsigned) iieRamWriteAux,
               (unsigned) iieAltZeroPage, (unsigned) iie80Store,
               (unsigned) ((gm & PG2) != 0), (unsigned) ((gm & HRG) != 0));
#else
  (void) address;
#endif
}

#if ENABLE_CPU_TRACE
static void DumpMappedMemoryRange(const char * label, unsigned short first,
                                  unsigned short last) {
  DEBUG_PRINTF("[CPU-MEM] %s %04X-%04X:\n", label, first, last);
  for (unsigned int line = first; line <= last; line += 16) {
    DEBUG_PRINTF("[CPU-MEM] %04X:", line);
    unsigned int lineLast = line + 15;
    if (lineLast > last) lineLast = last;
    for (unsigned int address = line; address <= lineLast; address++)
      DEBUG_PRINTF(" %02X", read8((unsigned short) address));
    DEBUG_PRINTLN();
  }
}

static void DumpBackingMemoryRange(const char * label,
                                   const unsigned char * buffer,
                                   unsigned int backingOffset,
                                   unsigned short first,
                                   unsigned short last) {
  DEBUG_PRINTF("[CPU-MEM] %s %04X-%04X host=%p offset=%04X:\n",
               label, first, last, buffer, backingOffset);
  if (!buffer) {
    DEBUG_PRINTLN("[CPU-MEM] unavailable");
    return;
  }
  for (unsigned int line = first; line <= last; line += 16) {
    DEBUG_PRINTF("[CPU-MEM] %04X:", line);
    unsigned int lineLast = line + 15;
    if (lineLast > last) lineLast = last;
    for (unsigned int address = line; address <= lineLast; address++)
      DEBUG_PRINTF(" %02X", buffer[backingOffset + address - first]);
    DEBUG_PRINTLN();
  }
}

static bool MappedRangeMatchesBacking(const unsigned char * buffer,
                                      unsigned int backingOffset,
                                      unsigned short first,
                                      unsigned short last) {
  if (!buffer) return false;
  for (unsigned int address = first; address <= last; address++) {
    if (read8((unsigned short) address) !=
        buffer[backingOffset + address - first])
      return false;
  }
  return true;
}

static void DumpLCProvenanceEntry(unsigned int bankIndex,
                                  unsigned short address,
                                  const LCByteProvenance * entry) {
  DEBUG_PRINTF("[LC-PROV] %04X bank=%s writes=%u "
               "firstCycle=%llu firstPC=%04X first=%02X->%02X "
               "latestCycle=%llu latestPC=%04X latest=%02X->%02X "
               "opcode=%02X A=%02X X=%02X Y=%02X source=%s",
               address, MemoryProvenanceBankNameForAddress(bankIndex, address),
               entry->writeCount,
               entry->firstCycle, entry->firstPC, entry->firstOldValue,
               entry->firstNewValue, entry->latestCycle, entry->latestPC,
               entry->latestOldValue, entry->latestNewValue,
               entry->firstOpcode, entry->firstA, entry->firstX,
               entry->firstY, LCSourceKindName(entry->firstSourceKind));
  if (entry->firstSourceAddress != 0xFFFF)
    DEBUG_PRINTF("@%04X", entry->firstSourceAddress);
  DEBUG_PRINTF(" previous=%04X:%02X@%04X "
               "LCRAMR=%u LCRAMW=%u RAMRD=%u RAMWRT=%u ALTZP=%u\n",
               entry->firstPreviousPC, entry->firstPreviousOpcode,
               entry->firstPreviousArgument,
               (entry->firstFlags & 0x01) != 0,
               (entry->firstFlags & 0x02) != 0,
               (entry->firstFlags & 0x04) != 0,
               (entry->firstFlags & 0x08) != 0,
               (entry->firstFlags & 0x10) != 0);
}

static void DumpLCWriterContexts() {
  if (!LCWriterContexts) {
    DEBUG_PRINTLN("[LC-PROV] writer-context storage unavailable");
    return;
  }
  for (unsigned int i = 0; i < LC_WRITER_CONTEXTS; i++) {
    const LCWriterContext * context = &LCWriterContexts[i];
    if (!context->valid)
      continue;
    DEBUG_PRINTF("[LC-PROV] writer-context bank=%s target=%04X pc=%04X "
                 "opcode=%02X value=%02X A=%02X X=%02X Y=%02X history:",
                 MemoryProvenanceBankNameForAddress(context->bankIndex,
                                                    context->targetAddress),
                 context->targetAddress, context->writerPC, context->opcode,
                 context->value, context->a, context->x, context->y);
    for (unsigned int j = 0; j < 16; j++)
      DEBUG_PRINTF(" %04X:%02X@%04X", context->recentPC[j],
                   context->recentOpcode[j], context->recentArgument[j]);
    DEBUG_PRINTLN();
  }
}

static unsigned char MemoryProvenanceBackingValue(unsigned int bankIndex,
                                                   unsigned short address) {
  if (address < 0xD000) {
    if (bankIndex == 0) return RAM[address];
    if (bankIndex == 1) return AUXRAM ? AUXRAM[address] : 0;
    return 0;
  }
  bool auxiliary = bankIndex >= 2;
  bool bank2 = (bankIndex & 1) != 0;
  unsigned char * buffer = auxiliary ? AUXRAMEXT : RAMEXT;
  unsigned int backingIndex = (bank2 ? 0x1000 : 0) + address - 0xD000;
  return buffer ? buffer[backingIndex] : 0;
}

static void DumpLCTargetSummary(unsigned int selectedBankIndex) {
  const unsigned short targetFirst = MEMORY_DIAGNOSTIC_TRIGGER_FIRST;
  const unsigned short targetLast = MEMORY_DIAGNOSTIC_TRIGGER_LAST;
  DEBUG_PRINTF("[LC-PROV] target %04X-%04X selected=%s:\n",
               targetFirst, targetLast,
               MemoryProvenanceBankName(selectedBankIndex));
  for (unsigned short address = targetFirst; address <= targetLast; address++) {
    const LCByteProvenance * entry =
      LCProvenanceEntry(selectedBankIndex, address);
    unsigned char value =
      MemoryProvenanceBackingValue(selectedBankIndex, address);
    if (!entry || !entry->writeCount) {
      DEBUG_PRINTF("[LC-PROV] %04X=%02X writer=unrecorded\n", address, value);
      continue;
    }
    DEBUG_PRINTF("[LC-PROV] %04X=%02X writer=%04X:%02X writes=%u source=%s",
                 address, value, entry->firstPC, entry->firstOpcode,
                 entry->writeCount, LCSourceKindName(entry->firstSourceKind));
    if (entry->firstSourceAddress != 0xFFFF)
      DEBUG_PRINTF("@%04X", entry->firstSourceAddress);
    DEBUG_PRINTLN();
  }

  unsigned short runFirst = targetFirst;
  while (runFirst <= targetLast) {
    const LCByteProvenance * firstEntry =
      LCProvenanceEntry(selectedBankIndex, runFirst);
    if (!firstEntry) {
      DEBUG_PRINTLN("[LC-PROV] provenance storage unavailable");
      return;
    }
    unsigned short runLast = runFirst;
    while (runLast < targetLast) {
      const LCByteProvenance * next =
        LCProvenanceEntry(selectedBankIndex, runLast + 1);
      if (!firstEntry->writeCount || !next->writeCount ||
          next->firstPC != firstEntry->firstPC ||
          next->firstOpcode != firstEntry->firstOpcode ||
          next->firstSourceKind != firstEntry->firstSourceKind)
        break;
      runLast++;
    }
    if (firstEntry->writeCount && runLast > runFirst) {
      const char * classification = "repeated-writer; classification uncertain";
      if (firstEntry->firstSourceKind == LC_SOURCE_MEMORY)
        classification = "memory-copy pattern";
      else if (firstEntry->firstSourceKind == LC_SOURCE_IMMEDIATE)
        classification = "immediate/fill pattern";
      else if (firstEntry->firstSourceKind == LC_SOURCE_GENERATED)
        classification = "generated/RMW pattern";
      DEBUG_PRINTF("[LC-PROV] pattern %04X-%04X writer=%04X:%02X %s\n",
                   runFirst, runLast, firstEntry->firstPC,
                   firstEntry->firstOpcode, classification);
    }
    runFirst = runLast + 1;
  }
}

static void DumpCriticalD6Writers(unsigned int selectedBankIndex) {
  const unsigned short first = 0xD6E8;
  const unsigned short last = 0xD6EF;
  DEBUG_PRINTF("[D6-WRITER] BEGIN D6E8-D6EF diskAB=%c selected=%s\n",
#if DISK_WRITE_AB_MODE == DISK_WRITE_AB_READ_ONLY
               'B',
#else
               'A',
#endif
               MemoryProvenanceBankName(selectedBankIndex));
  for (unsigned short address = first; address <= last; address++) {
    bool found = false;
    for (unsigned int bankIndex = 0;
         bankIndex < MEMORY_PROVENANCE_BANKS; bankIndex++) {
      const LCByteProvenance * entry = LCProvenanceEntry(bankIndex, address);
      if (!entry || !entry->writeCount)
        continue;
      found = true;
      DEBUG_PRINTF("[D6-WRITER] %04X bank=%s value=%02X writes=%u "
                   "first=%llu:%04X:%02X:%02X->%02X "
                   "latest=%llu:%04X:%02X:%02X->%02X source=%s",
                   address,
                   MemoryProvenanceBankNameForAddress(bankIndex, address),
                   MemoryProvenanceBackingValue(bankIndex, address),
                   entry->writeCount, entry->firstCycle, entry->firstPC,
                   entry->firstOpcode, entry->firstOldValue,
                   entry->firstNewValue, entry->latestCycle,
                   entry->latestPC, entry->latestOpcode,
                   entry->latestOldValue, entry->latestNewValue,
                   LCSourceKindName(entry->firstSourceKind));
      if (entry->firstSourceAddress != 0xFFFF)
        DEBUG_PRINTF("@%04X", entry->firstSourceAddress);
      DEBUG_PRINTLN();
    }
    if (!found) {
      DEBUG_PRINTF("[D6-WRITER] %04X value=%02X writer=unrecorded\n",
                   address,
                   MemoryProvenanceBackingValue(selectedBankIndex, address));
    }
  }
  DEBUG_PRINTLN("[D6-WRITER] END");
}

static void DumpLCWriteProvenance(unsigned int selectedBankIndex) {
  if (!LCProvenance) {
    DEBUG_PRINTLN("[LC-PROV] provenance storage unavailable");
    DumpLCTargetSummary(selectedBankIndex);
    return;
  }
  bool any = false;
  DEBUG_PRINTF("[LC-PROV] written bytes %04X-%04X by physical bank:\n",
               MEMORY_PROVENANCE_FIRST, MEMORY_PROVENANCE_LAST);
  for (unsigned int bankIndex = 0; bankIndex < MEMORY_PROVENANCE_BANKS;
       bankIndex++) {
    for (unsigned short address = MEMORY_PROVENANCE_FIRST;
         address <= MEMORY_PROVENANCE_LAST; address++) {
      const LCByteProvenance * entry = LCProvenanceEntry(bankIndex, address);
      if (!entry->writeCount)
        continue;
      any = true;
      DumpLCProvenanceEntry(bankIndex, address, entry);
    }
  }
  if (!any)
    DEBUG_PRINTLN("[LC-PROV] no recorded writes in configured range");
  any = false;
  DEBUG_PRINTF("[SRC-PROV] written bytes %04X-%04X by physical bank:\n",
               MEMORY_SOURCE_FIRST, MEMORY_SOURCE_LAST);
  for (unsigned int bankIndex = 0; bankIndex < MEMORY_SOURCE_BANKS;
       bankIndex++) {
    for (unsigned short address = MEMORY_SOURCE_FIRST;
         address <= MEMORY_SOURCE_LAST; address++) {
      const LCByteProvenance * entry = LCProvenanceEntry(bankIndex, address);
      if (!entry || !entry->writeCount) continue;
      any = true;
      DumpLCProvenanceEntry(bankIndex, address, entry);
    }
  }
  if (!any)
    DEBUG_PRINTLN("[SRC-PROV] no recorded writes in source-watch range");
  DumpLCTargetSummary(selectedBankIndex);
  DumpLCWriterContexts();
}

static void DumpCopyCorrelation(unsigned int destinationBankIndex) {
  DEBUG_PRINTF("[COPY-PROV] source-before-copy captured=%u readerPC=%04X cycle=%llu\n",
               (unsigned) CopySourceBeforeCaptured, CopySourceReaderPC,
               CopySourceReadCycle);
  const unsigned short compareFirst = 0x58DD;
  const unsigned short compareLast = 0x58F0;
  for (unsigned short source = compareFirst; source <= compareLast; source++) {
    unsigned short destination = source + 0x7E00;
    unsigned int sourceIndex = source - COPY_SOURCE_FIRST;
    const CopySourceSnapshotEntry * before =
      CopySourceBeforeCaptured ? &CopySourceBefore[sourceIndex] : NULL;
    unsigned int currentSourceBank = MemoryProvenanceBankIndex(source, false);
    unsigned char currentSource =
      MemoryProvenanceBackingValue(currentSourceBank, source);
    unsigned char destinationValue =
      MemoryProvenanceBackingValue(destinationBankIndex, destination);
    const LCByteProvenance * destinationProvenance =
      LCProvenanceEntry(destinationBankIndex, destination);
    DEBUG_PRINTF("[COPY-PROV] src=%04X before=%s",
                 source, before ? "captured" : "unavailable");
    if (before) DEBUG_PRINTF(":%02X", before->value);
    DEBUG_PRINTF(" current=%02X dst=%04X value=%02X %s",
                 currentSource, destination, destinationValue,
                 currentSource == destinationValue ? "MATCH" : "MISMATCH");
    if (before && before->writeCountKnown)
      DEBUG_PRINTF(" sourceLastWriter=%04X@%llu", before->writerPC,
                   before->writerCycle);
    else if (before)
      DEBUG_PRINT(" sourceLastWriter=unrecorded");
    if (destinationProvenance && destinationProvenance->writeCount) {
      DEBUG_PRINTF(" dstFirst=%04X:%02X:%02X dstLatest=%04X:%02X writes=%u",
                   destinationProvenance->firstPC,
                   destinationProvenance->firstOpcode,
                   destinationProvenance->firstNewValue,
                   destinationProvenance->latestPC,
                   destinationProvenance->latestNewValue,
                   destinationProvenance->writeCount);
      if (before && (destinationProvenance->firstPC == 0x29D8 ||
                     destinationProvenance->firstPC == 0x29D6))
        DEBUG_PRINTF(" copyExact=%u",
                     (unsigned) (before->value ==
                                 destinationProvenance->firstNewValue));
      if (destinationProvenance->firstSourceAddress != 0xFFFF)
        DEBUG_PRINTF(" inferredSource=%04X",
                     destinationProvenance->firstSourceAddress);
      DEBUG_PRINTF(" changedAfterCopy=%u",
                   (unsigned) (destinationProvenance->latestPC != 0x29D8 &&
                               destinationProvenance->latestPC != 0x29D6));
    } else {
      DEBUG_PRINT(" dstWriter=unrecorded");
    }
    DEBUG_PRINTLN();
  }
}

static bool IsConditionalBranchOpcode(unsigned char op) {
  switch (op) {
    case 0x10: case 0x30: case 0x50: case 0x70:
    case 0x90: case 0xB0: case 0xD0: case 0xF0:
      return true;
  }
  return false;
}

static void DumpMemoryLightHistory() {
  if (!MemoryLightHistory || !MemoryLightHistoryCount) {
    DEBUG_PRINTLN("[MEM-HISTORY] no completed instructions retained");
    return;
  }
  DEBUG_PRINTF("[MEM-HISTORY] frozen recent instructions=%u:\n",
               MemoryLightHistoryCount);
  unsigned int first =
    (MemoryLightHistoryNext + MEMORY_LIGHT_HISTORY_SIZE -
     MemoryLightHistoryCount) % MEMORY_LIGHT_HISTORY_SIZE;
  for (unsigned int offset = 0; offset < MemoryLightHistoryCount; offset++) {
    const MemoryLightHistoryEntry * entry =
      &MemoryLightHistory[(first + offset) % MEMORY_LIGHT_HISTORY_SIZE];
    DEBUG_PRINTF("[MEM-HISTORY] PC=%04X op=%02X effective=%04X SR=%02X next=%04X",
                 entry->pc, entry->opcode, entry->effectiveAddress,
                 entry->sr, entry->nextPC);
    if (IsConditionalBranchOpcode(entry->opcode)) {
      unsigned short fallThrough = entry->pc + 2;
      unsigned short target = fallThrough + entry->effectiveAddress;
      DEBUG_PRINTF(" branch=%s target=%04X fallthrough=%04X",
                   entry->nextPC == target ? "taken" : "not-taken",
                   target, fallThrough);
    } else if (entry->opcode == 0x4C || entry->opcode == 0x6C)
      DEBUG_PRINTF(" JMP-target=%04X", entry->nextPC);
    else if (entry->opcode == 0x20)
      DEBUG_PRINTF(" JSR-target=%04X return=%04X", entry->nextPC,
                   entry->pc + 3);
    else if (entry->opcode == 0x60)
      DEBUG_PRINTF(" RTS-target=%04X", entry->nextPC);
    else if (entry->opcode == 0x40)
      DEBUG_PRINTF(" RTI-target=%04X", entry->nextPC);
    DEBUG_PRINTLN();
  }
}

static void DumpMemoryDiagnosticControlFlow() {
  if (!MemoryControlFlow || !MemoryControlFlowCount) {
    DEBUG_PRINTLN("[MEM-FLOW] no recorded execution");
    return;
  }
  DEBUG_PRINTF("[MEM-FLOW] retained instructions=%u trigger=%04X-%04X:\n",
               MemoryControlFlowCount, MEMORY_DIAGNOSTIC_TRIGGER_FIRST,
               MEMORY_DIAGNOSTIC_TRIGGER_LAST);
  unsigned int first = (MemoryControlFlowNext + MEMORY_CONTROL_FLOW_SIZE -
                        MemoryControlFlowCount) % MEMORY_CONTROL_FLOW_SIZE;
  for (unsigned int offset = 0; offset < MemoryControlFlowCount; offset++) {
    const MemoryControlFlowEntry * entry =
      &MemoryControlFlow[(first + offset) % MEMORY_CONTROL_FLOW_SIZE];
    DEBUG_PRINTF("[MEM-FLOW] cycle=%llu PC=%04X op=%02X effective=%04X "
                 "A=%02X X=%02X Y=%02X SP=%02X SR=%02X next=%04X",
                 entry->cycles, entry->pc, entry->opcode,
                 entry->effectiveAddress, entry->a, entry->x, entry->y,
                 entry->sp, entry->sr, entry->nextPC);
    if (entry->kind == 1)
      DEBUG_PRINTF(" branch=%s target=%04X fallthrough=%04X",
                   entry->taken ? "taken" : "not-taken", entry->target,
                   entry->fallThrough);
    else if (entry->kind == 2)
      DEBUG_PRINTF(" JMP-target=%04X", entry->target);
    else if (entry->kind == 3)
      DEBUG_PRINTF(" JSR-target=%04X return=%04X", entry->target,
                   entry->fallThrough);
    else if (entry->kind == 4)
      DEBUG_PRINTF(" RTS-target=%04X", entry->target);
    else if (entry->kind == 5)
      DEBUG_PRINTF(" RTI-target=%04X", entry->target);
    DEBUG_PRINTLN();
  }
}
#endif

void CheckMemoryDiagnosticTrigger(unsigned short instructionPC) {
#if ENABLE_CPU_TRACE
  // This is intentionally the only pre-instruction work: one captured-state
  // test and two integer comparisons. It fires before execCode(), so an
  // instruction which never returns cannot evade the trigger.
  if (!MemoryDiagnosticCaptured &&
      instructionPC >= MEMORY_DIAGNOSTIC_TRIGGER_FIRST &&
      instructionPC <= MEMORY_DIAGNOSTIC_TRIGGER_LAST)
    CaptureMemoryRangeDiagnostics(instructionPC);
#else
  (void) instructionPC;
#endif
}

void RecordMemoryDiagnosticControlFlow(
  unsigned short instructionPC, unsigned char instructionOpcode,
  unsigned short effectiveAddress, unsigned short nextPC) {
#if ENABLE_CPU_TRACE
  if ((!MemoryControlFlow || !MemoryLightHistory) &&
      !EnsureIIeProvenanceDiagnosticsStorage())
    return;
  if (!MemoryDiagnosticCaptured) {
    MemoryLightHistoryEntry * light =
      &MemoryLightHistory[MemoryLightHistoryNext];
    light->pc = instructionPC;
    light->opcode = instructionOpcode;
    light->effectiveAddress = effectiveAddress;
    light->sr = SR;
    light->nextPC = nextPC;
    MemoryLightHistoryNext =
      (MemoryLightHistoryNext + 1) % MEMORY_LIGHT_HISTORY_SIZE;
    if (MemoryLightHistoryCount < MEMORY_LIGHT_HISTORY_SIZE)
      MemoryLightHistoryCount++;
    return;
  }
  if (MemoryDetailedFlowDumped)
    return;
  MemoryControlFlowEntry * entry =
    &MemoryControlFlow[MemoryControlFlowNext];
  memset(entry, 0, sizeof(*entry));
  entry->cycles = TotalCycles;
  entry->pc = instructionPC;
  entry->opcode = instructionOpcode;
  entry->effectiveAddress = effectiveAddress;
  entry->a = A;
  entry->x = X;
  entry->y = Y;
  entry->sp = STP;
  entry->sr = SR;
  entry->nextPC = nextPC;
  if (IsConditionalBranchOpcode(instructionOpcode)) {
    entry->kind = 1;
    entry->fallThrough = instructionPC + 2;
    entry->target = entry->fallThrough + effectiveAddress;
    entry->taken = nextPC == entry->target;
  } else if (instructionOpcode == 0x4C || instructionOpcode == 0x6C) {
    entry->kind = 2;
    entry->target = nextPC;
  } else if (instructionOpcode == 0x20) {
    entry->kind = 3;
    entry->target = nextPC;
    entry->fallThrough = instructionPC + 3;
  } else if (instructionOpcode == 0x60) {
    entry->kind = 4;
    entry->target = nextPC;
  } else if (instructionOpcode == 0x40) {
    entry->kind = 5;
    entry->target = nextPC;
  }
  MemoryControlFlowNext =
    (MemoryControlFlowNext + 1) % MEMORY_CONTROL_FLOW_SIZE;
  if (MemoryControlFlowCount < MEMORY_CONTROL_FLOW_SIZE)
    MemoryControlFlowCount++;
  if (instructionOpcode == 0x00 ||
      MemoryControlFlowCount == MEMORY_CONTROL_FLOW_SIZE) {
    DEBUG_PRINTF("[MEM-FLOW] detailed capture stop reason=%s PC=%04X\n",
                 instructionOpcode == 0x00 ? "BRK" : "buffer-full",
                 instructionPC);
    DumpMemoryDiagnosticControlFlow();
    MemoryDetailedFlowDumped = true;
  }
#else
  (void) instructionPC; (void) instructionOpcode; (void) effectiveAddress;
  (void) nextPC;
#endif
}

void CaptureMemoryRangeDiagnostics(unsigned short address) {
#if ENABLE_CPU_TRACE
  if (MemoryDiagnosticCaptured)
    return;
  MemoryDiagnosticCaptured = true;

  const unsigned short first = MEMORY_PROVENANCE_FIRST;
  const unsigned short last = MEMORY_PROVENANCE_LAST;
  unsigned char * originalROM = OriginalIIeROMBuffer();
  unsigned char * enhancedROM = EnhancedIIeROMBuffer();
  unsigned int selectedBankIndex = MemoryProvenanceBankIndex(first, false);
  unsigned char triggerOpcode =
    (address < 0xC000 || address >= 0xC100) ? read8(address) : 0xFF;

  DEBUG_PRINTLN("[CPU-MEM] BEGIN one-shot configurable memory diagnostic");
  DEBUG_PRINTF("[CPU-MEM] trigger PC=%04X opcode=%02X A=%02X X=%02X Y=%02X "
               "SP=%02X SR=%02X TotalCycles=%llu\n",
               address, triggerOpcode, A, X, Y, STP, SR, TotalCycles);
  DEBUG_PRINT("[CPU-MEM] recent instructions:");
  for (int historyOffset = 0; historyOffset < 16; historyOffset++) {
    unsigned char historyIndex = (CPURecentIndex + historyOffset) & 0x0F;
    DEBUG_PRINTF(" %04X:%02X@%04X", CPURecentPC[historyIndex],
                 CPURecentOpcode[historyIndex],
                 CPURecentArgument[historyIndex]);
  }
  DEBUG_PRINTLN();
  DEBUG_PRINTF("[CPU-MEM] machine profile=%s IsIIeMode=%u Is65C02Mode=%u "
               "IIE_ROM=%p OriginalIIeROM=%p EnhancedIIeROM=%p "
               "originalAvailable=%u enhancedAvailable=%u\n",
               MachineProfileName(), (unsigned) IsIIeMode(),
               (unsigned) Is65C02Mode(), IIE_ROM, originalROM, enhancedROM,
               (unsigned) IIeROMAvailable,
               (unsigned) EnhancedIIeROMIsAvailable());
  DEBUG_PRINTF("[CPU-MEM] mapping LCRAMR=%u LCRAMW=%u LCbank=%u "
               "LCprewrite=%u RAMRD=%u RAMWRT=%u ALTZP=%u 80STORE=%u "
               "INTCXROM=%u SLOTC3ROM=%u internalC8ROM=%u PAGE2=%u HIRES=%u\n",
               (unsigned) (memlcramr != 0), (unsigned) (memlcramw != 0),
               memlcbank2 ? 2U : 1U, (unsigned) memlcprewrite,
               (unsigned) iieRamReadAux, (unsigned) iieRamWriteAux,
               (unsigned) iieAltZeroPage, (unsigned) iie80Store,
               (unsigned) iieIntCxROM, (unsigned) iieSlotC3ROM,
               (unsigned) iieInternalC8ROM, (unsigned) ((gm & PG2) != 0),
               (unsigned) ((gm & HRG) != 0));

  DumpMemoryLightHistory();
  DumpLCWriteProvenance(selectedBankIndex);
  DumpCriticalD6Writers(selectedBankIndex);
  DumpCopyCorrelation(selectedBankIndex);
  DumpMappedMemoryRange("visible", first, last);
  if (first < 0xC000) {
    DumpBackingMemoryRange("main-ram", RAM, first, first, last);
    DumpBackingMemoryRange("aux-ram", AUXRAM, first, first, last);
    DEBUG_PRINTLN("[CPU-MEM] IIe ROM and language-card backing not applicable to configured range");
  } else if (first >= 0xD000) {
    unsigned int romOffset = first - 0xC000;
    unsigned int lcBank1Offset = first - 0xD000;
    unsigned int lcBank2Offset = 0x1000 + first - 0xD000;
    DumpBackingMemoryRange("selected-rom", IIE_ROM, romOffset, first, last);
    DumpBackingMemoryRange("original-iie-rom", originalROM, romOffset, first, last);
    DumpBackingMemoryRange("enhanced-iie-rom", enhancedROM, romOffset, first, last);
    DumpBackingMemoryRange("main-lc-bank1", RAMEXT, lcBank1Offset, first, last);
    DumpBackingMemoryRange("main-lc-bank2", RAMEXT, lcBank2Offset, first, last);
    DumpBackingMemoryRange("aux-lc-bank1", AUXRAMEXT, lcBank1Offset, first, last);
    DumpBackingMemoryRange("aux-lc-bank2", AUXRAMEXT, lcBank2Offset, first, last);
  }
  DumpMappedMemoryRange("source-visible", MEMORY_SOURCE_FIRST,
                        MEMORY_SOURCE_LAST);
  DumpBackingMemoryRange("source-main-ram", RAM, MEMORY_SOURCE_FIRST,
                         MEMORY_SOURCE_FIRST, MEMORY_SOURCE_LAST);
  DumpBackingMemoryRange("source-aux-ram", AUXRAM, MEMORY_SOURCE_FIRST,
                         MEMORY_SOURCE_FIRST, MEMORY_SOURCE_LAST);

  unsigned char * selectedBacking = NULL;
  unsigned int selectedBackingOffset = 0;
  const char * selectedBackingName = "unsupported-range";
  if (first < 0xC000) {
    selectedBacking = selectedBankIndex == 1 ? AUXRAM : RAM;
    selectedBackingOffset = first;
    selectedBackingName = selectedBankIndex == 1 ? "aux-ram" : "main-ram";
  } else if (first >= 0xD000) {
    selectedBacking = iieAltZeroPage ? AUXRAMEXT : RAMEXT;
    selectedBackingOffset = (memlcbank2 ? 0x1000 : 0) + first - 0xD000;
    selectedBackingName = "language-card-ram";
  }
  bool expectedMappingMatch = MappedRangeMatchesBacking(
    selectedBacking, selectedBackingOffset, first, last);
  bool profileROMPointerMatch =
    (MachineProfile == APPLE_IIE_128K && IIE_ROM == originalROM) ||
    (MachineProfile == APPLE_IIE_ENHANCED_128K && IIE_ROM == enhancedROM) ||
    !IsIIeMode();
  DEBUG_PRINTF("[CPU-MEM] provenance selectedBacking=%s buffer=%p bank=%s\n",
               selectedBackingName, selectedBacking,
               MemoryProvenanceBankName(selectedBankIndex));
  DEBUG_PRINTF("[CPU-MEM] mapping-decision expectedSource=%s "
               "expectedBackingMatch=%u profileROMPointerMatch=%u "
               "mappingInvariant=%s\n",
               selectedBackingName,
               (unsigned) expectedMappingMatch,
               (unsigned) profileROMPointerMatch,
               expectedMappingMatch && profileROMPointerMatch ? "OK" : "VIOLATION");
  DEBUG_PRINTLN("[CPU-MEM] END one-shot configurable memory diagnostic");
#else
  (void) address;
#endif
}

static void SetIIeSwitch(unsigned short address) {
  if (!IsIIeMode())
    return;
  switch (address) {
    case 0xC000: iie80Store = false; break;
    case 0xC001: iie80Store = true; break;
    case 0xC002: iieRamReadAux = false; break;
    case 0xC003: iieRamReadAux = true; break;
    case 0xC004: iieRamWriteAux = false; break;
    case 0xC005: iieRamWriteAux = true; break;
    case 0xC006: iieIntCxROM = false; break;
    case 0xC007: iieIntCxROM = true; break;
    case 0xC008: iieAltZeroPage = false; break;
    case 0xC009: iieAltZeroPage = true; break;
    case 0xC00A: iieSlotC3ROM = false; break;
    case 0xC00B: iieSlotC3ROM = true; break;
    case 0xC00C: iie80Column = false; InvalidateVideoCaches(); break;
    case 0xC00D: iie80Column = true; InvalidateVideoCaches(); break;
    case 0xC00E: iieAltCharset = false; InvalidateVideoCaches(); break;
    case 0xC00F: iieAltCharset = true; InvalidateVideoCaches(); break;
  }
}

/***************************************************************************************************************************************/

/***************************************************************************************************************************************/
unsigned char readPgz8(unsigned short address) {
#if ENABLE_KLAUS_CPU_TEST
    if (CPUValidationFlatMemory)
      return CPUValidationMemory[address];
#endif
    return IIeUseAuxiliaryRAM(address, false) ? AUXRAM[address] : RAM[address];
}

/***************************************************************************************************************************************/

/***************************************************************************************************************************************/
#if ENABLE_CPU_TRACE
static void ObserveCopySourceRead(unsigned short address) {
  if (CopySourceBeforeCaptured || address < COPY_SOURCE_FIRST ||
      address > COPY_SOURCE_LAST || CPUInstructionStartPC < 0x29D0 ||
      CPUInstructionStartPC > 0x29DF || !CopySourceBefore)
    return;
  CopySourceBeforeCaptured = true;
  CopySourceReadCycle = TotalCycles;
  CopySourceReaderPC = CPUInstructionStartPC;
  for (unsigned short source = COPY_SOURCE_FIRST;
       source <= COPY_SOURCE_LAST; source++) {
    unsigned int index = source - COPY_SOURCE_FIRST;
    unsigned int bankIndex = MemoryProvenanceBankIndex(source, false);
    unsigned char * backing = bankIndex == 1 ? AUXRAM : RAM;
    CopySourceBefore[index].value = backing ? backing[source] : 0;
    CopySourceBefore[index].bankIndex = bankIndex;
    LCByteProvenance * provenance = LCProvenanceEntry(bankIndex, source);
    if (provenance && provenance->writeCount) {
      CopySourceBefore[index].writerCycle = provenance->latestCycle;
      CopySourceBefore[index].writerPC = provenance->latestPC;
      CopySourceBefore[index].writeCountKnown = 1;
    }
  }
}
#endif

unsigned char read8(unsigned short address) {
#if ENABLE_KLAUS_CPU_TEST
  if (CPUValidationFlatMemory)
    return CPUValidationMemory[address];
#endif
#if ENABLE_CPU_TRACE
  ObserveCopySourceRead(address);
#endif
  unsigned char page = address>>8;
  if(page < 0xC0) {
    return IIeUseAuxiliaryRAM(address, false) ? AUXRAM[address] : RAM[address];
	} else if (page == 0xC6 && (!IsIIeMode() || !iieIntCxROM)) {
		return DISK_ROM[address - 0xC600];
  } else if (page >= 0xD0) {
      if (!memlcramr)
        return IsIIeMode() ? IIE_ROM[address - 0xC000] : ROM[address-0xD000];
      return (IsIIeMode() && iieAltZeroPage ? AUXRAMEXT : RAMEXT)[LanguageCardIndex(address)];
  } else {
    if (IsIIeMode() && address >= 0xC100) {
      bool internal = iieIntCxROM || (page == 0xC3 && !iieSlotC3ROM) ||
                      (address >= 0xC800 && iieInternalC8ROM);
      if (page == 0xC3 && !iieSlotC3ROM)
        iieInternalC8ROM = true;
      if (internal) {
        unsigned char value = IIE_ROM[address - 0xC000];
        if (address == 0xCFFF)
          iieInternalC8ROM = false;
        return value;
      }
      if (address == 0xCFFF)
        iieInternalC8ROM = false;
    }
    // Keyboard Data
    if(address == 0xC000) return keyboard_read(); else
    // Keyboard Strobe
    if(address == 0xC010) keyboard_strobe(); else
    if(address == 0xC011) return (memlcbank2  | (k&0x7f)); else
    if(address == 0xC012) return (memlcramr   | (k&0x7f)); else
    if(address == 0xC013 && IsIIeMode()) return IIeStatus(iieRamReadAux); else
    if(address == 0xC014 && IsIIeMode()) return IIeStatus(iieRamWriteAux); else
    if(address == 0xC015 && IsIIeMode()) return IIeStatus(iieIntCxROM); else
    if(address == 0xC016 && IsIIeMode()) return IIeStatus(iieAltZeroPage); else
    if(address == 0xC017 && IsIIeMode()) return IIeStatus(iieSlotC3ROM); else
    if(address == 0xC018 && IsIIeMode()) return IIeStatus(iie80Store); else
    if(address == 0xC01A && IsIIeMode()) return IIeStatus(!(gm & GRX)); else
    if(address == 0xC01B && IsIIeMode()) return IIeStatus(gm & SPL); else
    if(address == 0xC01C && IsIIeMode()) return IIeStatus(gm & PG2); else
    if(address == 0xC01D && IsIIeMode()) return IIeStatus(gm & HRG); else
    if(address == 0xC01E && IsIIeMode()) return IIeStatus(iieAltCharset); else
    if(address == 0xC01F && IsIIeMode()) return IIeStatus(iie80Column); else
    if(address == 0xC019) { 
    } 
    else
    if(address >= 0xC061 && address <= 0xC063)
      return IIeStatus(HostJoystickButton(address - 0xC061)); else
    if(address >= 0xC064 && address <= 0xC067) {
      int paddle = address - 0xC064;
      uint64_t elapsed = TotalCycles - paddleResetCycle;
      return IIeStatus(elapsed < (uint64_t) HostPaddleValue(paddle) * 11ULL + 8ULL);
    } else
    if(address == 0xC070) {
      paddleResetCycle = TotalCycles;
      return k & 0x7F;
    } else
    // Speaker toggle
    if(address == 0xC030) speaker_toggle(); else
		/* Video resolution */
		if (address >= 0xC050 && address <= 0xC05F)
			CheckVideoIO (address);  else
		/* Bank Memory 1/2 */
		if (address >= 0xC080 && address <= 0xC08F)
			CheckBankMemoIO (address);  else
		/* Slot #6 Softswitches */
		if (address >= 0xC0E0 && address <= 0xC0EF)
			return ReadDiskIO (address); else
      {
      }
    return 0;
  }
}

/***************************************************************************************************************************************/

/***************************************************************************************************************************************/
unsigned short read16(unsigned short address) {
  return (unsigned short)read8(address) | (((unsigned short)read8(address+1))<<8);
}

/***************************************************************************************************************************************/

/***************************************************************************************************************************************/
void writePgz8(unsigned short address, unsigned char value) {
#if ENABLE_KLAUS_CPU_TEST
    if (CPUValidationFlatMemory) {
      CPUValidationMemory[address] = value;
      return;
    }
#endif
    if (IIeUseAuxiliaryRAM(address, true)) AUXRAM[address] = value;
    else RAM[address] = value;
}

/***************************************************************************************************************************************/

/***************************************************************************************************************************************/
void write8(unsigned short address, unsigned char value) {
#if ENABLE_KLAUS_CPU_TEST
  if (CPUValidationFlatMemory) {
    CPUValidationMemory[address] = value;
    return;
  }
#endif
  unsigned char page = address >> 8;
  if (page < 0xC0)
  {
    bool auxiliary = IIeUseAuxiliaryRAM(address, true);
    unsigned char * target = auxiliary ? AUXRAM : RAM;
#if ENABLE_CPU_TRACE
    if ((address >= MEMORY_PROVENANCE_FIRST &&
         address <= MEMORY_PROVENANCE_LAST) ||
        (address >= MEMORY_SOURCE_FIRST && address <= MEMORY_SOURCE_LAST))
      RecordLCWrite(address, target[address], value);
#endif
    target[address] = value;
  }
  else if (page >= 0xD0)
  {
    if (memlcramw) {
      unsigned char * lcBuffer = IsIIeMode() && iieAltZeroPage ? AUXRAMEXT : RAMEXT;
      unsigned int lcIndex = LanguageCardIndex(address);
#if ENABLE_CPU_TRACE
        if ((address >= MEMORY_PROVENANCE_FIRST &&
             address <= MEMORY_PROVENANCE_LAST) ||
            (address >= MEMORY_SOURCE_FIRST && address <= MEMORY_SOURCE_LAST))
          RecordLCWrite(address, lcBuffer[lcIndex], value);
#endif
      lcBuffer[lcIndex] = value;
    }
  }
  else
  {
	  if (address >= 0xC000 && address <= 0xC00F)
	    SetIIeSwitch(address);
	  else
  	// Keyboard Strobe
  	if (address == 0xC010) keyboard_strobe();
  	else
		if (address == 0xC070)
			paddleResetCycle = TotalCycles;
		else
  		// Speaker toggle
  		if (address == 0xC030) speaker_toggle();
  		else
			/* Video resolution */
  			if (address >= 0xC050 && address <= 0xC05F)
  				CheckVideoIO(address);
  			else
				/* Language-card soft switches respond to writes too. */
				if (address >= 0xC080 && address <= 0xC08F)
					CheckBankMemoIO(address);
				else
  				/*Slot #6 Softswitches */
  				if (address >= 0xC0E0 && address <= 0xC0EF)
  					WriteDiskIO(address, value);
  				else
  				{
  				}
  }}

/***************************************************************************************************************************************/

/***************************************************************************************************************************************/
void CheckBankMemoIO(word Address) {
  unsigned char mode = Address & 0x03;

  // $C080-$C087 select bank 2; $C088-$C08F select bank 1.
  memlcbank2 = (Address & 0x08) ? 0x00 : 0x80;
  memlcramr = (mode == 0 || mode == 3) ? 0x80 : 0x00;

  // Hardware requires two consecutive accesses to an odd LC switch before
  // writes are enabled. Accessing an even switch immediately protects RAM.
  if (Address & 0x01) {
    memlcramw = memlcprewrite ? 0x80 : 0x00;
    memlcprewrite = true;
  } else {
    memlcramw = 0x00;
    memlcprewrite = false;
  }
}
